date,ID,rep,conductance,temperature,leaf_angle,rel_chlorophyll,thickness,leaf_area,leaf_mass
12/05/19,191205_RYE_B_1,A,154.7,23.9,NA,NA,NA,NA,NA
12/05/19,191205_RYE_B_1,B,116.9,23.4,NA,NA,NA,NA,NA
12/05/19,191205_RYE_B_1,C,115.6,24.4,NA,NA,NA,NA,NA
12/05/19,191205_RYE_B_2,A,187.8,22.4,NA,NA,NA,NA,NA
12/05/19,191205_RYE_B_2,B,67.8,23.8,NA,NA,NA,NA,NA
12/05/19,191205_RYE_B_2,C,250.8,23.8,NA,NA,NA,NA,NA
12/05/19,191205_RYE_B_3,A,148.4,27.3,NA,NA,NA,NA,NA
12/05/19,191205_RYE_B_3,B,144.2,26.9,NA,NA,NA,NA,NA
12/05/19,191205_RYE_B_3,C,197,27.6,NA,NA,NA,NA,NA
12/05/19,191205_RYE_B_4,A,331.2,25.3,NA,NA,NA,NA,NA
12/05/19,191205_RYE_B_4,B,106.4,27.3,NA,NA,NA,NA,NA
12/05/19,191205_RYE_B_4,C,261.1,27.4,NA,NA,NA,NA,NA
12/06/19,191206_RYE_A_1,A,168.2,14.4,NA,NA,NA,NA,NA
12/06/19,191206_RYE_A_1,B,191.7,15.8,NA,NA,NA,NA,NA
12/06/19,191206_RYE_A_1,C,192.3,16.2,NA,NA,NA,NA,NA
12/06/19,191206_RYE_A_2,A,144.7,13.2,NA,NA,NA,NA,NA
12/06/19,191206_RYE_A_2,B,82.8,14.6,NA,NA,NA,NA,NA
12/06/19,191206_RYE_A_2,C,256.7,15.5,NA,NA,NA,NA,NA
12/06/19,191206_RYE_A_3,A,220.8,13.2,NA,NA,NA,NA,NA
12/06/19,191206_RYE_A_3,B,118.9,13.5,NA,NA,NA,NA,NA
12/06/19,191206_RYE_A_3,C,257.6,14.5,NA,NA,NA,NA,NA
12/06/19,191206_RYE_A_4,A,96.4,17.7,NA,NA,NA,NA,NA
12/06/19,191206_RYE_A_4,B,131.6,17.8,NA,NA,NA,NA,NA
12/06/19,191206_RYE_A_4,C,165.6,20.2,NA,NA,NA,NA,NA
01/09/20,200109_RYE_A_1,A,275.2,26.4,6.56,23.87,1.13,2223.025,119.5
01/09/20,200109_RYE_A_1,B,275.2,26.4,6.56,23.87,1.13,2073.15,117.5
01/09/20,200109_RYE_A_1,C,275.2,26.4,6.56,23.87,1.13,1255.669,82.6
01/09/20,200109_RYE_A_1,A,275.2,26.4,34.467,72.29,1.18,2223.025,119.5
01/09/20,200109_RYE_A_1,B,275.2,26.4,34.467,72.29,1.18,2073.15,117.5
01/09/20,200109_RYE_A_1,C,275.2,26.4,34.467,72.29,1.18,1255.669,82.6
01/09/20,200109_RYE_A_1,A,275.2,26.4,23.653,74.14,1.32,2223.025,119.5
01/09/20,200109_RYE_A_1,B,275.2,26.4,23.653,74.14,1.32,2073.15,117.5
01/09/20,200109_RYE_A_1,C,275.2,26.4,23.653,74.14,1.32,1255.669,82.6
01/09/20,200109_RYE_A_1,A,59.1,26.1,6.56,23.87,1.13,2223.025,119.5
01/09/20,200109_RYE_A_1,B,59.1,26.1,6.56,23.87,1.13,2073.15,117.5
01/09/20,200109_RYE_A_1,C,59.1,26.1,6.56,23.87,1.13,1255.669,82.6
01/09/20,200109_RYE_A_1,A,59.1,26.1,34.467,72.29,1.18,2223.025,119.5
01/09/20,200109_RYE_A_1,B,59.1,26.1,34.467,72.29,1.18,2073.15,117.5
01/09/20,200109_RYE_A_1,C,59.1,26.1,34.467,72.29,1.18,1255.669,82.6
01/09/20,200109_RYE_A_1,A,59.1,26.1,23.653,74.14,1.32,2223.025,119.5
01/09/20,200109_RYE_A_1,B,59.1,26.1,23.653,74.14,1.32,2073.15,117.5
01/09/20,200109_RYE_A_1,C,59.1,26.1,23.653,74.14,1.32,1255.669,82.6
01/09/20,200109_RYE_A_1,A,39.2,25.7,6.56,23.87,1.13,2223.025,119.5
01/09/20,200109_RYE_A_1,B,39.2,25.7,6.56,23.87,1.13,2073.15,117.5
01/09/20,200109_RYE_A_1,C,39.2,25.7,6.56,23.87,1.13,1255.669,82.6
01/09/20,200109_RYE_A_1,A,39.2,25.7,34.467,72.29,1.18,2223.025,119.5
01/09/20,200109_RYE_A_1,B,39.2,25.7,34.467,72.29,1.18,2073.15,117.5
01/09/20,200109_RYE_A_1,C,39.2,25.7,34.467,72.29,1.18,1255.669,82.6
01/09/20,200109_RYE_A_1,A,39.2,25.7,23.653,74.14,1.32,2223.025,119.5
01/09/20,200109_RYE_A_1,B,39.2,25.7,23.653,74.14,1.32,2073.15,117.5
01/09/20,200109_RYE_A_1,C,39.2,25.7,23.653,74.14,1.32,1255.669,82.6
01/09/20,200109_RYE_A_2,A,104.2,26.8,25.416,66.61,1.37,2211.932,149
01/09/20,200109_RYE_A_2,B,104.2,26.8,25.416,66.61,1.37,1821.538,105.9
01/09/20,200109_RYE_A_2,C,104.2,26.8,25.416,66.61,1.37,2489.015,147.2
01/09/20,200109_RYE_A_2,A,104.2,26.8,48.838,23.09,0.94,2211.932,149
01/09/20,200109_RYE_A_2,B,104.2,26.8,48.838,23.09,0.94,1821.538,105.9
01/09/20,200109_RYE_A_2,C,104.2,26.8,48.838,23.09,0.94,2489.015,147.2
01/09/20,200109_RYE_A_2,A,104.2,26.8,8.649,72.58,1.04,2211.932,149
01/09/20,200109_RYE_A_2,B,104.2,26.8,8.649,72.58,1.04,1821.538,105.9
01/09/20,200109_RYE_A_2,C,104.2,26.8,8.649,72.58,1.04,2489.015,147.2
01/09/20,200109_RYE_A_2,A,35.8,26.7,25.416,66.61,1.37,2211.932,149
01/09/20,200109_RYE_A_2,B,35.8,26.7,25.416,66.61,1.37,1821.538,105.9
01/09/20,200109_RYE_A_2,C,35.8,26.7,25.416,66.61,1.37,2489.015,147.2
01/09/20,200109_RYE_A_2,A,35.8,26.7,48.838,23.09,0.94,2211.932,149
01/09/20,200109_RYE_A_2,B,35.8,26.7,48.838,23.09,0.94,1821.538,105.9
01/09/20,200109_RYE_A_2,C,35.8,26.7,48.838,23.09,0.94,2489.015,147.2
01/09/20,200109_RYE_A_2,A,35.8,26.7,8.649,72.58,1.04,2211.932,149
01/09/20,200109_RYE_A_2,B,35.8,26.7,8.649,72.58,1.04,1821.538,105.9
01/09/20,200109_RYE_A_2,C,35.8,26.7,8.649,72.58,1.04,2489.015,147.2
01/09/20,200109_RYE_A_2,A,96.2,26.7,25.416,66.61,1.37,2211.932,149
01/09/20,200109_RYE_A_2,B,96.2,26.7,25.416,66.61,1.37,1821.538,105.9
01/09/20,200109_RYE_A_2,C,96.2,26.7,25.416,66.61,1.37,2489.015,147.2
01/09/20,200109_RYE_A_2,A,96.2,26.7,48.838,23.09,0.94,2211.932,149
01/09/20,200109_RYE_A_2,B,96.2,26.7,48.838,23.09,0.94,1821.538,105.9
01/09/20,200109_RYE_A_2,C,96.2,26.7,48.838,23.09,0.94,2489.015,147.2
01/09/20,200109_RYE_A_2,A,96.2,26.7,8.649,72.58,1.04,2211.932,149
01/09/20,200109_RYE_A_2,B,96.2,26.7,8.649,72.58,1.04,1821.538,105.9
01/09/20,200109_RYE_A_2,C,96.2,26.7,8.649,72.58,1.04,2489.015,147.2
01/09/20,200109_RYE_A_3,A,27.5,26.7,17.425,47.37,0.84,1824.416,114.8
01/09/20,200109_RYE_A_3,B,27.5,26.7,17.425,47.37,0.84,1374.697,71.7
01/09/20,200109_RYE_A_3,C,27.5,26.7,17.425,47.37,0.84,1711.652,102
01/09/20,200109_RYE_A_3,A,27.5,26.7,21.018,45.76,1.29,1824.416,114.8
01/09/20,200109_RYE_A_3,B,27.5,26.7,21.018,45.76,1.29,1374.697,71.7
01/09/20,200109_RYE_A_3,C,27.5,26.7,21.018,45.76,1.29,1711.652,102
01/09/20,200109_RYE_A_3,A,27.5,26.7,21.885,27.35,1.24,1824.416,114.8
01/09/20,200109_RYE_A_3,B,27.5,26.7,21.885,27.35,1.24,1374.697,71.7
01/09/20,200109_RYE_A_3,C,27.5,26.7,21.885,27.35,1.24,1711.652,102
01/09/20,200109_RYE_A_3,A,67.1,26.4,17.425,47.37,0.84,1824.416,114.8
01/09/20,200109_RYE_A_3,B,67.1,26.4,17.425,47.37,0.84,1374.697,71.7
01/09/20,200109_RYE_A_3,C,67.1,26.4,17.425,47.37,0.84,1711.652,102
01/09/20,200109_RYE_A_3,A,67.1,26.4,21.018,45.76,1.29,1824.416,114.8
01/09/20,200109_RYE_A_3,B,67.1,26.4,21.018,45.76,1.29,1374.697,71.7
01/09/20,200109_RYE_A_3,C,67.1,26.4,21.018,45.76,1.29,1711.652,102
01/09/20,200109_RYE_A_3,A,67.1,26.4,21.885,27.35,1.24,1824.416,114.8
01/09/20,200109_RYE_A_3,B,67.1,26.4,21.885,27.35,1.24,1374.697,71.7
01/09/20,200109_RYE_A_3,C,67.1,26.4,21.885,27.35,1.24,1711.652,102
01/09/20,200109_RYE_A_3,A,32.5,25.2,17.425,47.37,0.84,1824.416,114.8
01/09/20,200109_RYE_A_3,B,32.5,25.2,17.425,47.37,0.84,1374.697,71.7
01/09/20,200109_RYE_A_3,C,32.5,25.2,17.425,47.37,0.84,1711.652,102
01/09/20,200109_RYE_A_3,A,32.5,25.2,21.018,45.76,1.29,1824.416,114.8
01/09/20,200109_RYE_A_3,B,32.5,25.2,21.018,45.76,1.29,1374.697,71.7
01/09/20,200109_RYE_A_3,C,32.5,25.2,21.018,45.76,1.29,1711.652,102
01/09/20,200109_RYE_A_3,A,32.5,25.2,21.885,27.35,1.24,1824.416,114.8
01/09/20,200109_RYE_A_3,B,32.5,25.2,21.885,27.35,1.24,1374.697,71.7
01/09/20,200109_RYE_A_3,C,32.5,25.2,21.885,27.35,1.24,1711.652,102
01/09/20,200109_RYE_A_4,A,71.6,27.5,25.172,20.63,0.71,1206.733,64.7
01/09/20,200109_RYE_A_4,B,71.6,27.5,25.172,20.63,0.71,1214.457,68.4
01/09/20,200109_RYE_A_4,C,71.6,27.5,25.172,20.63,0.71,1078.306,58
01/09/20,200109_RYE_A_4,A,71.6,27.5,24.54,32.58,0.75,1206.733,64.7
01/09/20,200109_RYE_A_4,B,71.6,27.5,24.54,32.58,0.75,1214.457,68.4
01/09/20,200109_RYE_A_4,C,71.6,27.5,24.54,32.58,0.75,1078.306,58
01/09/20,200109_RYE_A_4,A,71.6,27.5,44.287,70.66,0.99,1206.733,64.7
01/09/20,200109_RYE_A_4,B,71.6,27.5,44.287,70.66,0.99,1214.457,68.4
01/09/20,200109_RYE_A_4,C,71.6,27.5,44.287,70.66,0.99,1078.306,58
01/09/20,200109_RYE_A_4,A,17.2,27.8,25.172,20.63,0.71,1206.733,64.7
01/09/20,200109_RYE_A_4,B,17.2,27.8,25.172,20.63,0.71,1214.457,68.4
01/09/20,200109_RYE_A_4,C,17.2,27.8,25.172,20.63,0.71,1078.306,58
01/09/20,200109_RYE_A_4,A,17.2,27.8,24.54,32.58,0.75,1206.733,64.7
01/09/20,200109_RYE_A_4,B,17.2,27.8,24.54,32.58,0.75,1214.457,68.4
01/09/20,200109_RYE_A_4,C,17.2,27.8,24.54,32.58,0.75,1078.306,58
01/09/20,200109_RYE_A_4,A,17.2,27.8,44.287,70.66,0.99,1206.733,64.7
01/09/20,200109_RYE_A_4,B,17.2,27.8,44.287,70.66,0.99,1214.457,68.4
01/09/20,200109_RYE_A_4,C,17.2,27.8,44.287,70.66,0.99,1078.306,58
01/09/20,200109_RYE_A_4,A,47,27.2,25.172,20.63,0.71,1206.733,64.7
01/09/20,200109_RYE_A_4,B,47,27.2,25.172,20.63,0.71,1214.457,68.4
01/09/20,200109_RYE_A_4,C,47,27.2,25.172,20.63,0.71,1078.306,58
01/09/20,200109_RYE_A_4,A,47,27.2,24.54,32.58,0.75,1206.733,64.7
01/09/20,200109_RYE_A_4,B,47,27.2,24.54,32.58,0.75,1214.457,68.4
01/09/20,200109_RYE_A_4,C,47,27.2,24.54,32.58,0.75,1078.306,58
01/09/20,200109_RYE_A_4,A,47,27.2,44.287,70.66,0.99,1206.733,64.7
01/09/20,200109_RYE_A_4,B,47,27.2,44.287,70.66,0.99,1214.457,68.4
01/09/20,200109_RYE_A_4,C,47,27.2,44.287,70.66,0.99,1078.306,58
01/09/20,200109_RYE_B_1,A,51.8,20.9,33.641,3.69,0.73,1335.323,71.4
01/09/20,200109_RYE_B_1,B,51.8,20.9,33.641,3.69,0.73,1319.558,71.9
01/09/20,200109_RYE_B_1,C,51.8,20.9,33.641,3.69,0.73,1972.601,102.5
01/09/20,200109_RYE_B_1,A,51.8,20.9,48.382,54.64,0.78,1335.323,71.4
01/09/20,200109_RYE_B_1,B,51.8,20.9,48.382,54.64,0.78,1319.558,71.9
01/09/20,200109_RYE_B_1,C,51.8,20.9,48.382,54.64,0.78,1972.601,102.5
01/09/20,200109_RYE_B_1,A,51.8,20.9,35.705,31.47,0.68,1335.323,71.4
01/09/20,200109_RYE_B_1,B,51.8,20.9,35.705,31.47,0.68,1319.558,71.9
01/09/20,200109_RYE_B_1,C,51.8,20.9,35.705,31.47,0.68,1972.601,102.5
01/09/20,200109_RYE_B_1,A,354.4,21.4,33.641,3.69,0.73,1335.323,71.4
01/09/20,200109_RYE_B_1,B,354.4,21.4,33.641,3.69,0.73,1319.558,71.9
01/09/20,200109_RYE_B_1,C,354.4,21.4,33.641,3.69,0.73,1972.601,102.5
01/09/20,200109_RYE_B_1,A,354.4,21.4,48.382,54.64,0.78,1335.323,71.4
01/09/20,200109_RYE_B_1,B,354.4,21.4,48.382,54.64,0.78,1319.558,71.9
01/09/20,200109_RYE_B_1,C,354.4,21.4,48.382,54.64,0.78,1972.601,102.5
01/09/20,200109_RYE_B_1,A,354.4,21.4,35.705,31.47,0.68,1335.323,71.4
01/09/20,200109_RYE_B_1,B,354.4,21.4,35.705,31.47,0.68,1319.558,71.9
01/09/20,200109_RYE_B_1,C,354.4,21.4,35.705,31.47,0.68,1972.601,102.5
01/09/20,200109_RYE_B_1,A,69.4,21.6,33.641,3.69,0.73,1335.323,71.4
01/09/20,200109_RYE_B_1,B,69.4,21.6,33.641,3.69,0.73,1319.558,71.9
01/09/20,200109_RYE_B_1,C,69.4,21.6,33.641,3.69,0.73,1972.601,102.5
01/09/20,200109_RYE_B_1,A,69.4,21.6,48.382,54.64,0.78,1335.323,71.4
01/09/20,200109_RYE_B_1,B,69.4,21.6,48.382,54.64,0.78,1319.558,71.9
01/09/20,200109_RYE_B_1,C,69.4,21.6,48.382,54.64,0.78,1972.601,102.5
01/09/20,200109_RYE_B_1,A,69.4,21.6,35.705,31.47,0.68,1335.323,71.4
01/09/20,200109_RYE_B_1,B,69.4,21.6,35.705,31.47,0.68,1319.558,71.9
01/09/20,200109_RYE_B_1,C,69.4,21.6,35.705,31.47,0.68,1972.601,102.5
01/09/20,200109_RYE_B_2,A,203.4,20.8,15.689,65.22,1.87,2048.575,134.1
01/09/20,200109_RYE_B_2,B,203.4,20.8,15.689,65.22,1.87,1760.972,94.8
01/09/20,200109_RYE_B_2,C,203.4,20.8,15.689,65.22,1.87,1381.559,82.1
01/09/20,200109_RYE_B_2,A,203.4,20.8,35.199,73.35,0.88,2048.575,134.1
01/09/20,200109_RYE_B_2,B,203.4,20.8,35.199,73.35,0.88,1760.972,94.8
01/09/20,200109_RYE_B_2,C,203.4,20.8,35.199,73.35,0.88,1381.559,82.1
01/09/20,200109_RYE_B_2,A,203.4,20.8,3.421,15.88,1.11,2048.575,134.1
01/09/20,200109_RYE_B_2,B,203.4,20.8,3.421,15.88,1.11,1760.972,94.8
01/09/20,200109_RYE_B_2,C,203.4,20.8,3.421,15.88,1.11,1381.559,82.1
01/09/20,200109_RYE_B_2,A,83.3,21.6,15.689,65.22,1.87,2048.575,134.1
01/09/20,200109_RYE_B_2,B,83.3,21.6,15.689,65.22,1.87,1760.972,94.8
01/09/20,200109_RYE_B_2,C,83.3,21.6,15.689,65.22,1.87,1381.559,82.1
01/09/20,200109_RYE_B_2,A,83.3,21.6,35.199,73.35,0.88,2048.575,134.1
01/09/20,200109_RYE_B_2,B,83.3,21.6,35.199,73.35,0.88,1760.972,94.8
01/09/20,200109_RYE_B_2,C,83.3,21.6,35.199,73.35,0.88,1381.559,82.1
01/09/20,200109_RYE_B_2,,83.3,21.6,3.421,15.88,1.11,2048.575,134.1
01/09/20,200109_RYE_B_2,,83.3,21.6,3.421,15.88,1.11,1760.972,94.8
01/09/20,200109_RYE_B_2,,83.3,21.6,3.421,15.88,1.11,1381.559,82.1
01/09/20,200109_RYE_B_2,,156.6,22.1,15.689,65.22,1.87,2048.575,134.1
01/09/20,200109_RYE_B_2,,156.6,22.1,15.689,65.22,1.87,1760.972,94.8
01/09/20,200109_RYE_B_2,,156.6,22.1,15.689,65.22,1.87,1381.559,82.1
01/09/20,200109_RYE_B_2,,156.6,22.1,35.199,73.35,0.88,2048.575,134.1
01/09/20,200109_RYE_B_2,,156.6,22.1,35.199,73.35,0.88,1760.972,94.8
01/09/20,200109_RYE_B_2,,156.6,22.1,35.199,73.35,0.88,1381.559,82.1
01/09/20,200109_RYE_B_2,,156.6,22.1,3.421,15.88,1.11,2048.575,134.1
01/09/20,200109_RYE_B_2,,156.6,22.1,3.421,15.88,1.11,1760.972,94.8
01/09/20,200109_RYE_B_2,,156.6,22.1,3.421,15.88,1.11,1381.559,82.1
01/09/20,200109_RYE_B_3,,83.9,21.6,41.486,61.17,1,1492.834,95.8
01/09/20,200109_RYE_B_3,,83.9,21.6,41.486,61.17,1,1237.769,57.5
01/09/20,200109_RYE_B_3,,83.9,21.6,41.486,61.17,1,1162.191,62.2
01/09/20,200109_RYE_B_3,,83.9,21.6,22.829,59.17,1.23,1492.834,95.8
01/09/20,200109_RYE_B_3,,83.9,21.6,22.829,59.17,1.23,1237.769,57.5
01/09/20,200109_RYE_B_3,,83.9,21.6,22.829,59.17,1.23,1162.191,62.2
01/09/20,200109_RYE_B_3,,83.9,21.6,20.466,67.32,1.42,1492.834,95.8
01/09/20,200109_RYE_B_3,,83.9,21.6,20.466,67.32,1.42,1237.769,57.5
01/09/20,200109_RYE_B_3,,83.9,21.6,20.466,67.32,1.42,1162.191,62.2
01/09/20,200109_RYE_B_3,,55.8,22.9,41.486,61.17,1,1492.834,95.8
01/09/20,200109_RYE_B_3,,55.8,22.9,41.486,61.17,1,1237.769,57.5
01/09/20,200109_RYE_B_3,,55.8,22.9,41.486,61.17,1,1162.191,62.2
01/09/20,200109_RYE_B_3,,55.8,22.9,22.829,59.17,1.23,1492.834,95.8
01/09/20,200109_RYE_B_3,,55.8,22.9,22.829,59.17,1.23,1237.769,57.5
01/09/20,200109_RYE_B_3,,55.8,22.9,22.829,59.17,1.23,1162.191,62.2
01/09/20,200109_RYE_B_3,,55.8,22.9,20.466,67.32,1.42,1492.834,95.8
01/09/20,200109_RYE_B_3,,55.8,22.9,20.466,67.32,1.42,1237.769,57.5
01/09/20,200109_RYE_B_3,,55.8,22.9,20.466,67.32,1.42,1162.191,62.2
01/09/20,200109_RYE_B_3,,122.2,23.8,41.486,61.17,1,1492.834,95.8
01/09/20,200109_RYE_B_3,,122.2,23.8,41.486,61.17,1,1237.769,57.5
01/09/20,200109_RYE_B_3,,122.2,23.8,41.486,61.17,1,1162.191,62.2
01/09/20,200109_RYE_B_3,,122.2,23.8,22.829,59.17,1.23,1492.834,95.8
01/09/20,200109_RYE_B_3,,122.2,23.8,22.829,59.17,1.23,1237.769,57.5
01/09/20,200109_RYE_B_3,,122.2,23.8,22.829,59.17,1.23,1162.191,62.2
01/09/20,200109_RYE_B_3,,122.2,23.8,20.466,67.32,1.42,1492.834,95.8
01/09/20,200109_RYE_B_3,,122.2,23.8,20.466,67.32,1.42,1237.769,57.5
01/09/20,200109_RYE_B_3,,122.2,23.8,20.466,67.32,1.42,1162.191,62.2
01/09/20,200109_RYE_B_4,,70.3,25.7,25.889,7.05,0.79,2124.038,121.8
01/09/20,200109_RYE_B_4,,70.3,25.7,25.889,7.05,0.79,1392.469,70.3
01/09/20,200109_RYE_B_4,,70.3,25.7,25.889,7.05,0.79,2027.427,104.4
01/09/20,200109_RYE_B_4,,70.3,25.7,41.816,63.93,0.73,2124.038,121.8
01/09/20,200109_RYE_B_4,,70.3,25.7,41.816,63.93,0.73,1392.469,70.3
01/09/20,200109_RYE_B_4,,70.3,25.7,41.816,63.93,0.73,2027.427,104.4
01/09/20,200109_RYE_B_4,,70.3,25.7,25.86,59.07,1.18,2124.038,121.8
01/09/20,200109_RYE_B_4,,70.3,25.7,25.86,59.07,1.18,1392.469,70.3
01/09/20,200109_RYE_B_4,,70.3,25.7,25.86,59.07,1.18,2027.427,104.4
01/09/20,200109_RYE_B_4,,299.9,24.7,25.889,7.05,0.79,2124.038,121.8
01/09/20,200109_RYE_B_4,,299.9,24.7,25.889,7.05,0.79,1392.469,70.3
01/09/20,200109_RYE_B_4,,299.9,24.7,25.889,7.05,0.79,2027.427,104.4
01/09/20,200109_RYE_B_4,,299.9,24.7,41.816,63.93,0.73,2124.038,121.8
01/09/20,200109_RYE_B_4,,299.9,24.7,41.816,63.93,0.73,1392.469,70.3
01/09/20,200109_RYE_B_4,,299.9,24.7,41.816,63.93,0.73,2027.427,104.4
01/09/20,200109_RYE_B_4,,299.9,24.7,25.86,59.07,1.18,2124.038,121.8
01/09/20,200109_RYE_B_4,,299.9,24.7,25.86,59.07,1.18,1392.469,70.3
01/09/20,200109_RYE_B_4,,299.9,24.7,25.86,59.07,1.18,2027.427,104.4
01/09/20,200109_RYE_B_4,,235.9,24.2,25.889,7.05,0.79,2124.038,121.8
01/09/20,200109_RYE_B_4,,235.9,24.2,25.889,7.05,0.79,1392.469,70.3
01/09/20,200109_RYE_B_4,,235.9,24.2,25.889,7.05,0.79,2027.427,104.4
01/09/20,200109_RYE_B_4,,235.9,24.2,41.816,63.93,0.73,2124.038,121.8
01/09/20,200109_RYE_B_4,,235.9,24.2,41.816,63.93,0.73,1392.469,70.3
01/09/20,200109_RYE_B_4,,235.9,24.2,41.816,63.93,0.73,2027.427,104.4
01/09/20,200109_RYE_B_4,,235.9,24.2,25.86,59.07,1.18,2124.038,121.8
01/09/20,200109_RYE_B_4,,235.9,24.2,25.86,59.07,1.18,1392.469,70.3
01/09/20,200109_RYE_B_4,,235.9,24.2,25.86,59.07,1.18,2027.427,104.4
01/27/20,200127_RYE_A_1,,106.6,21.6,67.046,8.37,1.21,2629.235,131.8
01/27/20,200127_RYE_A_1,,106.6,21.6,67.046,8.37,1.21,2815.711,155.4
01/27/20,200127_RYE_A_1,,106.6,21.6,67.046,8.37,1.21,2232.418,107.6
01/27/20,200127_RYE_A_1,,106.6,21.6,49.866,15.65,0.47,2629.235,131.8
01/27/20,200127_RYE_A_1,,106.6,21.6,49.866,15.65,0.47,2815.711,155.4
01/27/20,200127_RYE_A_1,,106.6,21.6,49.866,15.65,0.47,2232.418,107.6
01/27/20,200127_RYE_A_1,,106.6,21.6,19.404,58.17,0.69,2629.235,131.8
01/27/20,200127_RYE_A_1,,106.6,21.6,19.404,58.17,0.69,2815.711,155.4
01/27/20,200127_RYE_A_1,,106.6,21.6,19.404,58.17,0.69,2232.418,107.6
01/27/20,200127_RYE_A_1,,142.3,23.8,67.046,8.37,1.21,2629.235,131.8
01/27/20,200127_RYE_A_1,,142.3,23.8,67.046,8.37,1.21,2815.711,155.4
01/27/20,200127_RYE_A_1,,142.3,23.8,67.046,8.37,1.21,2232.418,107.6
01/27/20,200127_RYE_A_1,,142.3,23.8,49.866,15.65,0.47,2629.235,131.8
01/27/20,200127_RYE_A_1,,142.3,23.8,49.866,15.65,0.47,2815.711,155.4
01/27/20,200127_RYE_A_1,,142.3,23.8,49.866,15.65,0.47,2232.418,107.6
01/27/20,200127_RYE_A_1,,142.3,23.8,19.404,58.17,0.69,2629.235,131.8
01/27/20,200127_RYE_A_1,,142.3,23.8,19.404,58.17,0.69,2815.711,155.4
01/27/20,200127_RYE_A_1,,142.3,23.8,19.404,58.17,0.69,2232.418,107.6
01/27/20,200127_RYE_A_1,,29.2,26.3,67.046,8.37,1.21,2629.235,131.8
01/27/20,200127_RYE_A_1,,29.2,26.3,67.046,8.37,1.21,2815.711,155.4
01/27/20,200127_RYE_A_1,,29.2,26.3,67.046,8.37,1.21,2232.418,107.6
01/27/20,200127_RYE_A_1,,29.2,26.3,49.866,15.65,0.47,2629.235,131.8
01/27/20,200127_RYE_A_1,,29.2,26.3,49.866,15.65,0.47,2815.711,155.4
01/27/20,200127_RYE_A_1,,29.2,26.3,49.866,15.65,0.47,2232.418,107.6
01/27/20,200127_RYE_A_1,,29.2,26.3,19.404,58.17,0.69,2629.235,131.8
01/27/20,200127_RYE_A_1,,29.2,26.3,19.404,58.17,0.69,2815.711,155.4
01/27/20,200127_RYE_A_1,,29.2,26.3,19.404,58.17,0.69,2232.418,107.6
01/27/20,200127_RYE_A_2,,23.8,26.6,33.193,52.37,0.94,1554.346,74.3
01/27/20,200127_RYE_A_2,,23.8,26.6,33.193,52.37,0.94,2153.947,113.3
01/27/20,200127_RYE_A_2,,23.8,26.6,33.193,52.37,0.94,2099.291,108.2
01/27/20,200127_RYE_A_2,,23.8,26.6,57.954,61.87,0.64,1554.346,74.3
01/27/20,200127_RYE_A_2,,23.8,26.6,57.954,61.87,0.64,2153.947,113.3
01/27/20,200127_RYE_A_2,,23.8,26.6,57.954,61.87,0.64,2099.291,108.2
01/27/20,200127_RYE_A_2,,23.8,26.6,53.832,44.62,0.92,1554.346,74.3
01/27/20,200127_RYE_A_2,,23.8,26.6,53.832,44.62,0.92,2153.947,113.3
01/27/20,200127_RYE_A_2,,23.8,26.6,53.832,44.62,0.92,2099.291,108.2
01/27/20,200127_RYE_A_2,,78.4,27,33.193,52.37,0.94,1554.346,74.3
01/27/20,200127_RYE_A_2,,78.4,27,33.193,52.37,0.94,2153.947,113.3
01/27/20,200127_RYE_A_2,,78.4,27,33.193,52.37,0.94,2099.291,108.2
01/27/20,200127_RYE_A_2,,78.4,27,57.954,61.87,0.64,1554.346,74.3
01/27/20,200127_RYE_A_2,,78.4,27,57.954,61.87,0.64,2153.947,113.3
01/27/20,200127_RYE_A_2,,78.4,27,57.954,61.87,0.64,2099.291,108.2
01/27/20,200127_RYE_A_2,,78.4,27,53.832,44.62,0.92,1554.346,74.3
01/27/20,200127_RYE_A_2,,78.4,27,53.832,44.62,0.92,2153.947,113.3
01/27/20,200127_RYE_A_2,,78.4,27,53.832,44.62,0.92,2099.291,108.2
01/27/20,200127_RYE_A_2,,68.8,27.5,33.193,52.37,0.94,1554.346,74.3
01/27/20,200127_RYE_A_2,,68.8,27.5,33.193,52.37,0.94,2153.947,113.3
01/27/20,200127_RYE_A_2,,68.8,27.5,33.193,52.37,0.94,2099.291,108.2
01/27/20,200127_RYE_A_2,,68.8,27.5,57.954,61.87,0.64,1554.346,74.3
01/27/20,200127_RYE_A_2,,68.8,27.5,57.954,61.87,0.64,2153.947,113.3
01/27/20,200127_RYE_A_2,,68.8,27.5,57.954,61.87,0.64,2099.291,108.2
01/27/20,200127_RYE_A_2,,68.8,27.5,53.832,44.62,0.92,1554.346,74.3
01/27/20,200127_RYE_A_2,,68.8,27.5,53.832,44.62,0.92,2153.947,113.3
01/27/20,200127_RYE_A_2,,68.8,27.5,53.832,44.62,0.92,2099.291,108.2
01/27/20,200127_RYE_A_3,,33.9,26.5,55.061,37.38,0.35,3113.302,152.3
01/27/20,200127_RYE_A_3,,33.9,26.5,55.061,37.38,0.35,1960.342,89.6
01/27/20,200127_RYE_A_3,,33.9,26.5,55.061,37.38,0.35,1522.662,78.1
01/27/20,200127_RYE_A_3,,33.9,26.5,121.332,51.46,0.72,3113.302,152.3
01/27/20,200127_RYE_A_3,,33.9,26.5,121.332,51.46,0.72,1960.342,89.6
01/27/20,200127_RYE_A_3,,33.9,26.5,121.332,51.46,0.72,1522.662,78.1
01/27/20,200127_RYE_A_3,,33.9,26.5,13.135,59.15,1.04,3113.302,152.3
01/27/20,200127_RYE_A_3,,33.9,26.5,13.135,59.15,1.04,1960.342,89.6
01/27/20,200127_RYE_A_3,,33.9,26.5,13.135,59.15,1.04,1522.662,78.1
01/27/20,200127_RYE_A_3,,95.3,27.8,55.061,37.38,0.35,3113.302,152.3
01/27/20,200127_RYE_A_3,,95.3,27.8,55.061,37.38,0.35,1960.342,89.6
01/27/20,200127_RYE_A_3,,95.3,27.8,55.061,37.38,0.35,1522.662,78.1
01/27/20,200127_RYE_A_3,,95.3,27.8,121.332,51.46,0.72,3113.302,152.3
01/27/20,200127_RYE_A_3,,95.3,27.8,121.332,51.46,0.72,1960.342,89.6
01/27/20,200127_RYE_A_3,,95.3,27.8,121.332,51.46,0.72,1522.662,78.1
01/27/20,200127_RYE_A_3,,95.3,27.8,13.135,59.15,1.04,3113.302,152.3
01/27/20,200127_RYE_A_3,,95.3,27.8,13.135,59.15,1.04,1960.342,89.6
01/27/20,200127_RYE_A_3,,95.3,27.8,13.135,59.15,1.04,1522.662,78.1
01/27/20,200127_RYE_A_3,,64.1,28.8,55.061,37.38,0.35,3113.302,152.3
01/27/20,200127_RYE_A_3,,64.1,28.8,55.061,37.38,0.35,1960.342,89.6
01/27/20,200127_RYE_A_3,,64.1,28.8,55.061,37.38,0.35,1522.662,78.1
01/27/20,200127_RYE_A_3,,64.1,28.8,121.332,51.46,0.72,3113.302,152.3
01/27/20,200127_RYE_A_3,,64.1,28.8,121.332,51.46,0.72,1960.342,89.6
01/27/20,200127_RYE_A_3,,64.1,28.8,121.332,51.46,0.72,1522.662,78.1
01/27/20,200127_RYE_A_3,,64.1,28.8,13.135,59.15,1.04,3113.302,152.3
01/27/20,200127_RYE_A_3,,64.1,28.8,13.135,59.15,1.04,1960.342,89.6
01/27/20,200127_RYE_A_3,,64.1,28.8,13.135,59.15,1.04,1522.662,78.1
01/27/20,200127_RYE_A_4,,68.1,28.3,33.79,63.93,0.52,1375.647,74.8
01/27/20,200127_RYE_A_4,,68.1,28.3,33.79,63.93,0.52,1818.592,77.8
01/27/20,200127_RYE_A_4,,68.1,28.3,33.79,63.93,0.52,1540.043,71.8
01/27/20,200127_RYE_A_4,,68.1,28.3,19.207,61.82,0.47,1375.647,74.8
01/27/20,200127_RYE_A_4,,68.1,28.3,19.207,61.82,0.47,1818.592,77.8
01/27/20,200127_RYE_A_4,,68.1,28.3,19.207,61.82,0.47,1540.043,71.8
01/27/20,200127_RYE_A_4,,68.1,28.3,27.366,68.27,0.74,1375.647,74.8
01/27/20,200127_RYE_A_4,,68.1,28.3,27.366,68.27,0.74,1818.592,77.8
01/27/20,200127_RYE_A_4,,68.1,28.3,27.366,68.27,0.74,1540.043,71.8
01/27/20,200127_RYE_A_4,,23.2,28.3,33.79,63.93,0.52,1375.647,74.8
01/27/20,200127_RYE_A_4,,23.2,28.3,33.79,63.93,0.52,1818.592,77.8
01/27/20,200127_RYE_A_4,,23.2,28.3,33.79,63.93,0.52,1540.043,71.8
01/27/20,200127_RYE_A_4,,23.2,28.3,19.207,61.82,0.47,1375.647,74.8
01/27/20,200127_RYE_A_4,,23.2,28.3,19.207,61.82,0.47,1818.592,77.8
01/27/20,200127_RYE_A_4,,23.2,28.3,19.207,61.82,0.47,1540.043,71.8
01/27/20,200127_RYE_A_4,,23.2,28.3,27.366,68.27,0.74,1375.647,74.8
01/27/20,200127_RYE_A_4,,23.2,28.3,27.366,68.27,0.74,1818.592,77.8
01/27/20,200127_RYE_A_4,,23.2,28.3,27.366,68.27,0.74,1540.043,71.8
01/27/20,200127_RYE_A_4,,144.4,28.2,33.79,63.93,0.52,1375.647,74.8
01/27/20,200127_RYE_A_4,,144.4,28.2,33.79,63.93,0.52,1818.592,77.8
01/27/20,200127_RYE_A_4,,144.4,28.2,33.79,63.93,0.52,1540.043,71.8
01/27/20,200127_RYE_A_4,,144.4,28.2,19.207,61.82,0.47,1375.647,74.8
01/27/20,200127_RYE_A_4,,144.4,28.2,19.207,61.82,0.47,1818.592,77.8
01/27/20,200127_RYE_A_4,,144.4,28.2,19.207,61.82,0.47,1540.043,71.8
01/27/20,200127_RYE_A_4,,144.4,28.2,27.366,68.27,0.74,1375.647,74.8
01/27/20,200127_RYE_A_4,,144.4,28.2,27.366,68.27,0.74,1818.592,77.8
01/27/20,200127_RYE_A_4,,144.4,28.2,27.366,68.27,0.74,1540.043,71.8
01/29/20,200129_RYE_B_1,,110.6,18.3,60.457,27.49,1.21,1718.699,105.2
01/29/20,200129_RYE_B_1,,110.6,18.3,60.457,27.49,1.21,2081.974,112.7
01/29/20,200129_RYE_B_1,,110.6,18.3,60.457,27.49,1.21,1911.869,119.5
01/29/20,200129_RYE_B_1,,110.6,18.3,48.567,57.08,0.93,1718.699,105.2
01/29/20,200129_RYE_B_1,,110.6,18.3,48.567,57.08,0.93,2081.974,112.7
01/29/20,200129_RYE_B_1,,110.6,18.3,48.567,57.08,0.93,1911.869,119.5
01/29/20,200129_RYE_B_1,,110.6,18.3,6.451,17.23,0.95,1718.699,105.2
01/29/20,200129_RYE_B_1,,110.6,18.3,6.451,17.23,0.95,2081.974,112.7
01/29/20,200129_RYE_B_1,,110.6,18.3,6.451,17.23,0.95,1911.869,119.5
01/29/20,200129_RYE_B_1,,87.2,19.2,60.457,27.49,1.21,1718.699,105.2
01/29/20,200129_RYE_B_1,,87.2,19.2,60.457,27.49,1.21,2081.974,112.7
01/29/20,200129_RYE_B_1,,87.2,19.2,60.457,27.49,1.21,1911.869,119.5
01/29/20,200129_RYE_B_1,,87.2,19.2,48.567,57.08,0.93,1718.699,105.2
01/29/20,200129_RYE_B_1,,87.2,19.2,48.567,57.08,0.93,2081.974,112.7
01/29/20,200129_RYE_B_1,,87.2,19.2,48.567,57.08,0.93,1911.869,119.5
01/29/20,200129_RYE_B_1,,87.2,19.2,6.451,17.23,0.95,1718.699,105.2
01/29/20,200129_RYE_B_1,,87.2,19.2,6.451,17.23,0.95,2081.974,112.7
01/29/20,200129_RYE_B_1,,87.2,19.2,6.451,17.23,0.95,1911.869,119.5
01/29/20,200129_RYE_B_1,,88.4,19,60.457,27.49,1.21,1718.699,105.2
01/29/20,200129_RYE_B_1,,88.4,19,60.457,27.49,1.21,2081.974,112.7
01/29/20,200129_RYE_B_1,,88.4,19,60.457,27.49,1.21,1911.869,119.5
01/29/20,200129_RYE_B_1,,88.4,19,48.567,57.08,0.93,1718.699,105.2
01/29/20,200129_RYE_B_1,,88.4,19,48.567,57.08,0.93,2081.974,112.7
01/29/20,200129_RYE_B_1,,88.4,19,48.567,57.08,0.93,1911.869,119.5
01/29/20,200129_RYE_B_1,,88.4,19,6.451,17.23,0.95,1718.699,105.2
01/29/20,200129_RYE_B_1,,88.4,19,6.451,17.23,0.95,2081.974,112.7
01/29/20,200129_RYE_B_1,,88.4,19,6.451,17.23,0.95,1911.869,119.5
01/29/20,200129_RYE_B_2,,106.1,18.4,46.199,64.76,0.75,3599.392,197.3
01/29/20,200129_RYE_B_2,,106.1,18.4,46.199,64.76,0.75,2408.191,138.1
01/29/20,200129_RYE_B_2,,106.1,18.4,46.199,64.76,0.75,2747.809,133.3
01/29/20,200129_RYE_B_2,,106.1,18.4,48.939,60.04,1.42,3599.392,197.3
01/29/20,200129_RYE_B_2,,106.1,18.4,48.939,60.04,1.42,2408.191,138.1
01/29/20,200129_RYE_B_2,,106.1,18.4,48.939,60.04,1.42,2747.809,133.3
01/29/20,200129_RYE_B_2,,106.1,18.4,80.697,32.82,1.1,3599.392,197.3
01/29/20,200129_RYE_B_2,,106.1,18.4,80.697,32.82,1.1,2408.191,138.1
01/29/20,200129_RYE_B_2,,106.1,18.4,80.697,32.82,1.1,2747.809,133.3
01/29/20,200129_RYE_B_2,,124,18,46.199,64.76,0.75,3599.392,197.3
01/29/20,200129_RYE_B_2,,124,18,46.199,64.76,0.75,2408.191,138.1
01/29/20,200129_RYE_B_2,,124,18,46.199,64.76,0.75,2747.809,133.3
01/29/20,200129_RYE_B_2,,124,18,48.939,60.04,1.42,3599.392,197.3
01/29/20,200129_RYE_B_2,,124,18,48.939,60.04,1.42,2408.191,138.1
01/29/20,200129_RYE_B_2,,124,18,48.939,60.04,1.42,2747.809,133.3
01/29/20,200129_RYE_B_2,,124,18,80.697,32.82,1.1,3599.392,197.3
01/29/20,200129_RYE_B_2,,124,18,80.697,32.82,1.1,2408.191,138.1
01/29/20,200129_RYE_B_2,,124,18,80.697,32.82,1.1,2747.809,133.3
01/29/20,200129_RYE_B_2,,93.5,17.8,46.199,64.76,0.75,3599.392,197.3
01/29/20,200129_RYE_B_2,,93.5,17.8,46.199,64.76,0.75,2408.191,138.1
01/29/20,200129_RYE_B_2,,93.5,17.8,46.199,64.76,0.75,2747.809,133.3
01/29/20,200129_RYE_B_2,,93.5,17.8,48.939,60.04,1.42,3599.392,197.3
01/29/20,200129_RYE_B_2,,93.5,17.8,48.939,60.04,1.42,2408.191,138.1
01/29/20,200129_RYE_B_2,,93.5,17.8,48.939,60.04,1.42,2747.809,133.3
01/29/20,200129_RYE_B_2,,93.5,17.8,80.697,32.82,1.1,3599.392,197.3
01/29/20,200129_RYE_B_2,,93.5,17.8,80.697,32.82,1.1,2408.191,138.1
01/29/20,200129_RYE_B_2,,93.5,17.8,80.697,32.82,1.1,2747.809,133.3
01/29/20,200129_RYE_B_3,,171.8,18.4,69.955,65.66,0.86,2195.656,122.1
01/29/20,200129_RYE_B_3,,171.8,18.4,69.955,65.66,0.86,2425.987,119.6
01/29/20,200129_RYE_B_3,,171.8,18.4,69.955,65.66,0.86,1851.039,106.3
01/29/20,200129_RYE_B_3,,171.8,18.4,111.632,59.41,0.58,2195.656,122.1
01/29/20,200129_RYE_B_3,,171.8,18.4,111.632,59.41,0.58,2425.987,119.6
01/29/20,200129_RYE_B_3,,171.8,18.4,111.632,59.41,0.58,1851.039,106.3
01/29/20,200129_RYE_B_3,,171.8,18.4,4.775,58.15,0.76,2195.656,122.1
01/29/20,200129_RYE_B_3,,171.8,18.4,4.775,58.15,0.76,2425.987,119.6
01/29/20,200129_RYE_B_3,,171.8,18.4,4.775,58.15,0.76,1851.039,106.3
01/29/20,200129_RYE_B_3,,132.8,18,69.955,65.66,0.86,2195.656,122.1
01/29/20,200129_RYE_B_3,,132.8,18,69.955,65.66,0.86,2425.987,119.6
01/29/20,200129_RYE_B_3,,132.8,18,69.955,65.66,0.86,1851.039,106.3
01/29/20,200129_RYE_B_3,,132.8,18,111.632,59.41,0.58,2195.656,122.1
01/29/20,200129_RYE_B_3,,132.8,18,111.632,59.41,0.58,2425.987,119.6
01/29/20,200129_RYE_B_3,,132.8,18,111.632,59.41,0.58,1851.039,106.3
01/29/20,200129_RYE_B_3,,132.8,18,4.775,58.15,0.76,2195.656,122.1
01/29/20,200129_RYE_B_3,,132.8,18,4.775,58.15,0.76,2425.987,119.6
01/29/20,200129_RYE_B_3,,132.8,18,4.775,58.15,0.76,1851.039,106.3
01/29/20,200129_RYE_B_3,,132,18.5,69.955,65.66,0.86,2195.656,122.1
01/29/20,200129_RYE_B_3,,132,18.5,69.955,65.66,0.86,2425.987,119.6
01/29/20,200129_RYE_B_3,,132,18.5,69.955,65.66,0.86,1851.039,106.3
01/29/20,200129_RYE_B_3,,132,18.5,111.632,59.41,0.58,2195.656,122.1
01/29/20,200129_RYE_B_3,,132,18.5,111.632,59.41,0.58,2425.987,119.6
01/29/20,200129_RYE_B_3,,132,18.5,111.632,59.41,0.58,1851.039,106.3
01/29/20,200129_RYE_B_3,,132,18.5,4.775,58.15,0.76,2195.656,122.1
01/29/20,200129_RYE_B_3,,132,18.5,4.775,58.15,0.76,2425.987,119.6
01/29/20,200129_RYE_B_3,,132,18.5,4.775,58.15,0.76,1851.039,106.3
01/29/20,200129_RYE_B_4,,176.1,19.3,45.036,60.5,0.6,2418.771,132.1
01/29/20,200129_RYE_B_4,,176.1,19.3,45.036,60.5,0.6,2238.48,114.8
01/29/20,200129_RYE_B_4,,176.1,19.3,45.036,60.5,0.6,3147.61,183.1
01/29/20,200129_RYE_B_4,,176.1,19.3,63.853,65.07,0.68,2418.771,132.1
01/29/20,200129_RYE_B_4,,176.1,19.3,63.853,65.07,0.68,2238.48,114.8
01/29/20,200129_RYE_B_4,,176.1,19.3,63.853,65.07,0.68,3147.61,183.1
01/29/20,200129_RYE_B_4,,176.1,19.3,31.853,63.53,0.88,2418.771,132.1
01/29/20,200129_RYE_B_4,,176.1,19.3,31.853,63.53,0.88,2238.48,114.8
01/29/20,200129_RYE_B_4,,176.1,19.3,31.853,63.53,0.88,3147.61,183.1
01/29/20,200129_RYE_B_4,,60.5,22,45.036,60.5,0.6,2418.771,132.1
01/29/20,200129_RYE_B_4,,60.5,22,45.036,60.5,0.6,2238.48,114.8
01/29/20,200129_RYE_B_4,,60.5,22,45.036,60.5,0.6,3147.61,183.1
01/29/20,200129_RYE_B_4,,60.5,22,63.853,65.07,0.68,2418.771,132.1
01/29/20,200129_RYE_B_4,,60.5,22,63.853,65.07,0.68,2238.48,114.8
01/29/20,200129_RYE_B_4,,60.5,22,63.853,65.07,0.68,3147.61,183.1
01/29/20,200129_RYE_B_4,,60.5,22,31.853,63.53,0.88,2418.771,132.1
01/29/20,200129_RYE_B_4,,60.5,22,31.853,63.53,0.88,2238.48,114.8
01/29/20,200129_RYE_B_4,,60.5,22,31.853,63.53,0.88,3147.61,183.1
01/29/20,200129_RYE_B_4,,105.6,20,45.036,60.5,0.6,2418.771,132.1
01/29/20,200129_RYE_B_4,,105.6,20,45.036,60.5,0.6,2238.48,114.8
01/29/20,200129_RYE_B_4,,105.6,20,45.036,60.5,0.6,3147.61,183.1
01/29/20,200129_RYE_B_4,,105.6,20,63.853,65.07,0.68,2418.771,132.1
01/29/20,200129_RYE_B_4,,105.6,20,63.853,65.07,0.68,2238.48,114.8
01/29/20,200129_RYE_B_4,,105.6,20,63.853,65.07,0.68,3147.61,183.1
01/29/20,200129_RYE_B_4,,105.6,20,31.853,63.53,0.88,2418.771,132.1
01/29/20,200129_RYE_B_4,,105.6,20,31.853,63.53,0.88,2238.48,114.8
01/29/20,200129_RYE_B_4,,105.6,20,31.853,63.53,0.88,3147.61,183.1
02/13/20,200213_TRI_B_1,,80.5,11.3,35.935,69.3,1.03,1541.093,123.8
02/13/20,200213_TRI_B_1,,80.5,11.3,35.935,69.3,1.03,1553.911,129.9
02/13/20,200213_TRI_B_1,,80.5,11.3,35.935,69.3,1.03,2050.129,168.1
02/13/20,200213_TRI_B_1,,80.5,11.3,6.071,38.86,0.74,1541.093,123.8
02/13/20,200213_TRI_B_1,,80.5,11.3,6.071,38.86,0.74,1553.911,129.9
02/13/20,200213_TRI_B_1,,80.5,11.3,6.071,38.86,0.74,2050.129,168.1
02/13/20,200213_TRI_B_1,,80.5,11.3,13.474,28.92,0.69,1541.093,123.8
02/13/20,200213_TRI_B_1,,80.5,11.3,13.474,28.92,0.69,1553.911,129.9
02/13/20,200213_TRI_B_1,,80.5,11.3,13.474,28.92,0.69,2050.129,168.1
02/13/20,200213_TRI_B_1,,341.4,11.2,35.935,69.3,1.03,1541.093,123.8
02/13/20,200213_TRI_B_1,,341.4,11.2,35.935,69.3,1.03,1553.911,129.9
02/13/20,200213_TRI_B_1,,341.4,11.2,35.935,69.3,1.03,2050.129,168.1
02/13/20,200213_TRI_B_1,,341.4,11.2,6.071,38.86,0.74,1541.093,123.8
02/13/20,200213_TRI_B_1,,341.4,11.2,6.071,38.86,0.74,1553.911,129.9
02/13/20,200213_TRI_B_1,,341.4,11.2,6.071,38.86,0.74,2050.129,168.1
02/13/20,200213_TRI_B_1,,341.4,11.2,13.474,28.92,0.69,1541.093,123.8
02/13/20,200213_TRI_B_1,,341.4,11.2,13.474,28.92,0.69,1553.911,129.9
02/13/20,200213_TRI_B_1,,341.4,11.2,13.474,28.92,0.69,2050.129,168.1
02/13/20,200213_TRI_B_1,,95.3,10.6,35.935,69.3,1.03,1541.093,123.8
02/13/20,200213_TRI_B_1,,95.3,10.6,35.935,69.3,1.03,1553.911,129.9
02/13/20,200213_TRI_B_1,,95.3,10.6,35.935,69.3,1.03,2050.129,168.1
02/13/20,200213_TRI_B_1,,95.3,10.6,6.071,38.86,0.74,1541.093,123.8
02/13/20,200213_TRI_B_1,,95.3,10.6,6.071,38.86,0.74,1553.911,129.9
02/13/20,200213_TRI_B_1,,95.3,10.6,6.071,38.86,0.74,2050.129,168.1
02/13/20,200213_TRI_B_1,,95.3,10.6,13.474,28.92,0.69,1541.093,123.8
02/13/20,200213_TRI_B_1,,95.3,10.6,13.474,28.92,0.69,1553.911,129.9
02/13/20,200213_TRI_B_1,,95.3,10.6,13.474,28.92,0.69,2050.129,168.1
02/13/20,200213_TRI_B_2,,74,11.2,34.897,78.56,0.68,2305.285,165
02/13/20,200213_TRI_B_2,,74,11.2,34.897,78.56,0.68,1739.641,121
02/13/20,200213_TRI_B_2,,74,11.2,34.897,78.56,0.68,1594.934,107.9
02/13/20,200213_TRI_B_2,,74,11.2,14.17,56.77,0.61,2305.285,165
02/13/20,200213_TRI_B_2,,74,11.2,14.17,56.77,0.61,1739.641,121
02/13/20,200213_TRI_B_2,,74,11.2,14.17,56.77,0.61,1594.934,107.9
02/13/20,200213_TRI_B_2,,74,11.2,9.782,70.13,0.75,2305.285,165
02/13/20,200213_TRI_B_2,,74,11.2,9.782,70.13,0.75,1739.641,121
02/13/20,200213_TRI_B_2,,74,11.2,9.782,70.13,0.75,1594.934,107.9
02/13/20,200213_TRI_B_2,,68.3,13.1,34.897,78.56,0.68,2305.285,165
02/13/20,200213_TRI_B_2,,68.3,13.1,34.897,78.56,0.68,1739.641,121
02/13/20,200213_TRI_B_2,,68.3,13.1,34.897,78.56,0.68,1594.934,107.9
02/13/20,200213_TRI_B_2,,68.3,13.1,14.17,56.77,0.61,2305.285,165
02/13/20,200213_TRI_B_2,,68.3,13.1,14.17,56.77,0.61,1739.641,121
02/13/20,200213_TRI_B_2,,68.3,13.1,14.17,56.77,0.61,1594.934,107.9
02/13/20,200213_TRI_B_2,,68.3,13.1,9.782,70.13,0.75,2305.285,165
02/13/20,200213_TRI_B_2,,68.3,13.1,9.782,70.13,0.75,1739.641,121
02/13/20,200213_TRI_B_2,,68.3,13.1,9.782,70.13,0.75,1594.934,107.9
02/13/20,200213_TRI_B_2,,108.8,14.9,34.897,78.56,0.68,2305.285,165
02/13/20,200213_TRI_B_2,,108.8,14.9,34.897,78.56,0.68,1739.641,121
02/13/20,200213_TRI_B_2,,108.8,14.9,34.897,78.56,0.68,1594.934,107.9
02/13/20,200213_TRI_B_2,,108.8,14.9,14.17,56.77,0.61,2305.285,165
02/13/20,200213_TRI_B_2,,108.8,14.9,14.17,56.77,0.61,1739.641,121
02/13/20,200213_TRI_B_2,,108.8,14.9,14.17,56.77,0.61,1594.934,107.9
02/13/20,200213_TRI_B_2,,108.8,14.9,9.782,70.13,0.75,2305.285,165
02/13/20,200213_TRI_B_2,,108.8,14.9,9.782,70.13,0.75,1739.641,121
02/13/20,200213_TRI_B_2,,108.8,14.9,9.782,70.13,0.75,1594.934,107.9
02/13/20,200213_TRI_B_3,,407.6,15,14.569,61.59,1.33,2442.677,197.6
02/13/20,200213_TRI_B_3,,407.6,15,14.569,61.59,1.33,2155.352,169.6
02/13/20,200213_TRI_B_3,,407.6,15,14.569,61.59,1.33,2081.138,143.2
02/13/20,200213_TRI_B_3,,407.6,15,2.929,62.53,1.73,2442.677,197.6
02/13/20,200213_TRI_B_3,,407.6,15,2.929,62.53,1.73,2155.352,169.6
02/13/20,200213_TRI_B_3,,407.6,15,2.929,62.53,1.73,2081.138,143.2
02/13/20,200213_TRI_B_3,,407.6,15,10.136,44.51,1.19,2442.677,197.6
02/13/20,200213_TRI_B_3,,407.6,15,10.136,44.51,1.19,2155.352,169.6
02/13/20,200213_TRI_B_3,,407.6,15,10.136,44.51,1.19,2081.138,143.2
02/13/20,200213_TRI_B_3,,70.2,16.3,14.569,61.59,1.33,2442.677,197.6
02/13/20,200213_TRI_B_3,,70.2,16.3,14.569,61.59,1.33,2155.352,169.6
02/13/20,200213_TRI_B_3,,70.2,16.3,14.569,61.59,1.33,2081.138,143.2
02/13/20,200213_TRI_B_3,,70.2,16.3,2.929,62.53,1.73,2442.677,197.6
02/13/20,200213_TRI_B_3,,70.2,16.3,2.929,62.53,1.73,2155.352,169.6
02/13/20,200213_TRI_B_3,,70.2,16.3,2.929,62.53,1.73,2081.138,143.2
02/13/20,200213_TRI_B_3,,70.2,16.3,10.136,44.51,1.19,2442.677,197.6
02/13/20,200213_TRI_B_3,,70.2,16.3,10.136,44.51,1.19,2155.352,169.6
02/13/20,200213_TRI_B_3,,70.2,16.3,10.136,44.51,1.19,2081.138,143.2
02/13/20,200213_TRI_B_3,,102,17.2,14.569,61.59,1.33,2442.677,197.6
02/13/20,200213_TRI_B_3,,102,17.2,14.569,61.59,1.33,2155.352,169.6
02/13/20,200213_TRI_B_3,,102,17.2,14.569,61.59,1.33,2081.138,143.2
02/13/20,200213_TRI_B_3,,102,17.2,2.929,62.53,1.73,2442.677,197.6
02/13/20,200213_TRI_B_3,,102,17.2,2.929,62.53,1.73,2155.352,169.6
02/13/20,200213_TRI_B_3,,102,17.2,2.929,62.53,1.73,2081.138,143.2
02/13/20,200213_TRI_B_3,,102,17.2,10.136,44.51,1.19,2442.677,197.6
02/13/20,200213_TRI_B_3,,102,17.2,10.136,44.51,1.19,2155.352,169.6
02/13/20,200213_TRI_B_3,,102,17.2,10.136,44.51,1.19,2081.138,143.2
02/17/20,200217_TRI_A_2,,169.9,28.4,25.572,55.13,0.51,2071.206,129.1
02/17/20,200217_TRI_A_2,,169.9,28.4,25.572,55.13,0.51,1893.389,118.2
02/17/20,200217_TRI_A_2,,169.9,28.4,25.572,55.13,0.51,1486.527,82.2
02/17/20,200217_TRI_A_2,,169.9,28.4,3.947,24.17,0.76,2071.206,129.1
02/17/20,200217_TRI_A_2,,169.9,28.4,3.947,24.17,0.76,1893.389,118.2
02/17/20,200217_TRI_A_2,,169.9,28.4,3.947,24.17,0.76,1486.527,82.2
02/17/20,200217_TRI_A_2,,169.9,28.4,4.784,21.03,1.39,2071.206,129.1
02/17/20,200217_TRI_A_2,,169.9,28.4,4.784,21.03,1.39,1893.389,118.2
02/17/20,200217_TRI_A_2,,169.9,28.4,4.784,21.03,1.39,1486.527,82.2
02/17/20,200217_TRI_A_2,,35.5,31.2,25.572,55.13,0.51,2071.206,129.1
02/17/20,200217_TRI_A_2,,35.5,31.2,25.572,55.13,0.51,1893.389,118.2
02/17/20,200217_TRI_A_2,,35.5,31.2,25.572,55.13,0.51,1486.527,82.2
02/17/20,200217_TRI_A_2,,35.5,31.2,3.947,24.17,0.76,2071.206,129.1
02/17/20,200217_TRI_A_2,,35.5,31.2,3.947,24.17,0.76,1893.389,118.2
02/17/20,200217_TRI_A_2,,35.5,31.2,3.947,24.17,0.76,1486.527,82.2
02/17/20,200217_TRI_A_2,,35.5,31.2,4.784,21.03,1.39,2071.206,129.1
02/17/20,200217_TRI_A_2,,35.5,31.2,4.784,21.03,1.39,1893.389,118.2
02/17/20,200217_TRI_A_2,,35.5,31.2,4.784,21.03,1.39,1486.527,82.2
02/17/20,200217_TRI_A_2,,27,32,25.572,55.13,0.51,2071.206,129.1
02/17/20,200217_TRI_A_2,,27,32,25.572,55.13,0.51,1893.389,118.2
02/17/20,200217_TRI_A_2,,27,32,25.572,55.13,0.51,1486.527,82.2
02/17/20,200217_TRI_A_2,,27,32,3.947,24.17,0.76,2071.206,129.1
02/17/20,200217_TRI_A_2,,27,32,3.947,24.17,0.76,1893.389,118.2
02/17/20,200217_TRI_A_2,,27,32,3.947,24.17,0.76,1486.527,82.2
02/17/20,200217_TRI_A_2,,27,32,4.784,21.03,1.39,2071.206,129.1
02/17/20,200217_TRI_A_2,,27,32,4.784,21.03,1.39,1893.389,118.2
02/17/20,200217_TRI_A_2,,27,32,4.784,21.03,1.39,1486.527,82.2
02/17/20,200217_TRI_A_4,,275.3,32.6,38.76,63.43,0.73,1388.125,82
02/17/20,200217_TRI_A_4,,275.3,32.6,38.76,63.43,0.73,1208.639,73
02/17/20,200217_TRI_A_4,,275.3,32.6,38.76,63.43,0.73,1641.82,119.6
02/17/20,200217_TRI_A_4,,275.3,32.6,40.655,61.26,0.78,1388.125,82
02/17/20,200217_TRI_A_4,,275.3,32.6,40.655,61.26,0.78,1208.639,73
02/17/20,200217_TRI_A_4,,275.3,32.6,40.655,61.26,0.78,1641.82,119.6
02/17/20,200217_TRI_A_4,,275.3,32.6,38.841,48.66,0.91,1388.125,82
02/17/20,200217_TRI_A_4,,275.3,32.6,38.841,48.66,0.91,1208.639,73
02/17/20,200217_TRI_A_4,,275.3,32.6,38.841,48.66,0.91,1641.82,119.6
02/17/20,200217_TRI_A_4,,90.9,32,38.76,63.43,0.73,1388.125,82
02/17/20,200217_TRI_A_4,,90.9,32,38.76,63.43,0.73,1208.639,73
02/17/20,200217_TRI_A_4,,90.9,32,38.76,63.43,0.73,1641.82,119.6
02/17/20,200217_TRI_A_4,,90.9,32,40.655,61.26,0.78,1388.125,82
02/17/20,200217_TRI_A_4,,90.9,32,40.655,61.26,0.78,1208.639,73
02/17/20,200217_TRI_A_4,,90.9,32,40.655,61.26,0.78,1641.82,119.6
02/17/20,200217_TRI_A_4,,90.9,32,38.841,48.66,0.91,1388.125,82
02/17/20,200217_TRI_A_4,,90.9,32,38.841,48.66,0.91,1208.639,73
02/17/20,200217_TRI_A_4,,90.9,32,38.841,48.66,0.91,1641.82,119.6
02/17/20,200217_TRI_A_4,,58.4,31.9,38.76,63.43,0.73,1388.125,82
02/17/20,200217_TRI_A_4,,58.4,31.9,38.76,63.43,0.73,1208.639,73
02/17/20,200217_TRI_A_4,,58.4,31.9,38.76,63.43,0.73,1641.82,119.6
02/17/20,200217_TRI_A_4,,58.4,31.9,40.655,61.26,0.78,1388.125,82
02/17/20,200217_TRI_A_4,,58.4,31.9,40.655,61.26,0.78,1208.639,73
02/17/20,200217_TRI_A_4,,58.4,31.9,40.655,61.26,0.78,1641.82,119.6
02/17/20,200217_TRI_A_4,,58.4,31.9,38.841,48.66,0.91,1388.125,82
02/17/20,200217_TRI_A_4,,58.4,31.9,38.841,48.66,0.91,1208.639,73
02/17/20,200217_TRI_A_4,,58.4,31.9,38.841,48.66,0.91,1641.82,119.6
02/17/20,200217_TRI_A_3,,26.9,31.7,24.249,76.6,1.4,1877.964,119.1
02/17/20,200217_TRI_A_3,,26.9,31.7,24.249,76.6,1.4,2052.858,149
02/17/20,200217_TRI_A_3,,26.9,31.7,24.249,76.6,1.4,1723.195,115.8
02/17/20,200217_TRI_A_3,,26.9,31.7,14.381,74.8,0.7,1877.964,119.1
02/17/20,200217_TRI_A_3,,26.9,31.7,14.381,74.8,0.7,2052.858,149
02/17/20,200217_TRI_A_3,,26.9,31.7,14.381,74.8,0.7,1723.195,115.8
02/17/20,200217_TRI_A_3,,26.9,31.7,16.266,62.15,1.06,1877.964,119.1
02/17/20,200217_TRI_A_3,,26.9,31.7,16.266,62.15,1.06,2052.858,149
02/17/20,200217_TRI_A_3,,26.9,31.7,16.266,62.15,1.06,1723.195,115.8
02/17/20,200217_TRI_A_3,,56.6,30,24.249,76.6,1.4,1877.964,119.1
02/17/20,200217_TRI_A_3,,56.6,30,24.249,76.6,1.4,2052.858,149
02/17/20,200217_TRI_A_3,,56.6,30,24.249,76.6,1.4,1723.195,115.8
02/17/20,200217_TRI_A_3,,56.6,30,14.381,74.8,0.7,1877.964,119.1
02/17/20,200217_TRI_A_3,,56.6,30,14.381,74.8,0.7,2052.858,149
02/17/20,200217_TRI_A_3,,56.6,30,14.381,74.8,0.7,1723.195,115.8
02/17/20,200217_TRI_A_3,,56.6,30,16.266,62.15,1.06,1877.964,119.1
02/17/20,200217_TRI_A_3,,56.6,30,16.266,62.15,1.06,2052.858,149
02/17/20,200217_TRI_A_3,,56.6,30,16.266,62.15,1.06,1723.195,115.8
02/17/20,200217_TRI_A_3,,200.4,29.9,24.249,76.6,1.4,1877.964,119.1
02/17/20,200217_TRI_A_3,,200.4,29.9,24.249,76.6,1.4,2052.858,149
02/17/20,200217_TRI_A_3,,200.4,29.9,24.249,76.6,1.4,1723.195,115.8
02/17/20,200217_TRI_A_3,,200.4,29.9,14.381,74.8,0.7,1877.964,119.1
02/17/20,200217_TRI_A_3,,200.4,29.9,14.381,74.8,0.7,2052.858,149
02/17/20,200217_TRI_A_3,,200.4,29.9,14.381,74.8,0.7,1723.195,115.8
02/17/20,200217_TRI_A_3,,200.4,29.9,16.266,62.15,1.06,1877.964,119.1
02/17/20,200217_TRI_A_3,,200.4,29.9,16.266,62.15,1.06,2052.858,149
02/17/20,200217_TRI_A_3,,200.4,29.9,16.266,62.15,1.06,1723.195,115.8
02/17/20,200217_TRI_A_1,,221,32.9,1.345,30.83,0.78,1682.119,120.7
02/17/20,200217_TRI_A_1,,221,32.9,1.345,30.83,0.78,2003.817,153.4
02/17/20,200217_TRI_A_1,,221,32.9,1.345,30.83,0.78,1555.679,96.9
02/17/20,200217_TRI_A_1,,221,32.9,5.294,74.2,0.94,1682.119,120.7
02/17/20,200217_TRI_A_1,,221,32.9,5.294,74.2,0.94,2003.817,153.4
02/17/20,200217_TRI_A_1,,221,32.9,5.294,74.2,0.94,1555.679,96.9
02/17/20,200217_TRI_A_1,,221,32.9,10.487,75.13,1.36,1682.119,120.7
02/17/20,200217_TRI_A_1,,221,32.9,10.487,75.13,1.36,2003.817,153.4
02/17/20,200217_TRI_A_1,,221,32.9,10.487,75.13,1.36,1555.679,96.9
02/17/20,200217_TRI_A_1,,18.4,32.3,1.345,30.83,0.78,1682.119,120.7
02/17/20,200217_TRI_A_1,,18.4,32.3,1.345,30.83,0.78,2003.817,153.4
02/17/20,200217_TRI_A_1,,18.4,32.3,1.345,30.83,0.78,1555.679,96.9
02/17/20,200217_TRI_A_1,,18.4,32.3,5.294,74.2,0.94,1682.119,120.7
02/17/20,200217_TRI_A_1,,18.4,32.3,5.294,74.2,0.94,2003.817,153.4
02/17/20,200217_TRI_A_1,,18.4,32.3,5.294,74.2,0.94,1555.679,96.9
02/17/20,200217_TRI_A_1,,18.4,32.3,10.487,75.13,1.36,1682.119,120.7
02/17/20,200217_TRI_A_1,,18.4,32.3,10.487,75.13,1.36,2003.817,153.4
02/17/20,200217_TRI_A_1,,18.4,32.3,10.487,75.13,1.36,1555.679,96.9
02/17/20,200217_TRI_A_1,,18.8,32.1,1.345,30.83,0.78,1682.119,120.7
02/17/20,200217_TRI_A_1,,18.8,32.1,1.345,30.83,0.78,2003.817,153.4
02/17/20,200217_TRI_A_1,,18.8,32.1,1.345,30.83,0.78,1555.679,96.9
02/17/20,200217_TRI_A_1,,18.8,32.1,5.294,74.2,0.94,1682.119,120.7
02/17/20,200217_TRI_A_1,,18.8,32.1,5.294,74.2,0.94,2003.817,153.4
02/17/20,200217_TRI_A_1,,18.8,32.1,5.294,74.2,0.94,1555.679,96.9
02/17/20,200217_TRI_A_1,,18.8,32.1,10.487,75.13,1.36,1682.119,120.7
02/17/20,200217_TRI_A_1,,18.8,32.1,10.487,75.13,1.36,2003.817,153.4
02/17/20,200217_TRI_A_1,,18.8,32.1,10.487,75.13,1.36,1555.679,96.9
02/17/20,200217_TRI_B_4,,125.9,31.7,9.205,40.19,1.07,1628.784,106.9
02/17/20,200217_TRI_B_4,,125.9,31.7,9.205,40.19,1.07,1497.068,76.1
02/17/20,200217_TRI_B_4,,125.9,31.7,9.205,40.19,1.07,1729.798,123.8
02/17/20,200217_TRI_B_4,,125.9,31.7,23.457,27.29,1.22,1628.784,106.9
02/17/20,200217_TRI_B_4,,125.9,31.7,23.457,27.29,1.22,1497.068,76.1
02/17/20,200217_TRI_B_4,,125.9,31.7,23.457,27.29,1.22,1729.798,123.8
02/17/20,200217_TRI_B_4,,125.9,31.7,26.339,53.45,1.25,1628.784,106.9
02/17/20,200217_TRI_B_4,,125.9,31.7,26.339,53.45,1.25,1497.068,76.1
02/17/20,200217_TRI_B_4,,125.9,31.7,26.339,53.45,1.25,1729.798,123.8
02/17/20,200217_TRI_B_4,,204,31.8,9.205,40.19,1.07,1628.784,106.9
02/17/20,200217_TRI_B_4,,204,31.8,9.205,40.19,1.07,1497.068,76.1
02/17/20,200217_TRI_B_4,,204,31.8,9.205,40.19,1.07,1729.798,123.8
02/17/20,200217_TRI_B_4,,204,31.8,23.457,27.29,1.22,1628.784,106.9
02/17/20,200217_TRI_B_4,,204,31.8,23.457,27.29,1.22,1497.068,76.1
02/17/20,200217_TRI_B_4,,204,31.8,23.457,27.29,1.22,1729.798,123.8
02/17/20,200217_TRI_B_4,,204,31.8,26.339,53.45,1.25,1628.784,106.9
02/17/20,200217_TRI_B_4,,204,31.8,26.339,53.45,1.25,1497.068,76.1
02/17/20,200217_TRI_B_4,,204,31.8,26.339,53.45,1.25,1729.798,123.8
02/17/20,200217_TRI_B_4,,56.6,31.2,9.205,40.19,1.07,1628.784,106.9
02/17/20,200217_TRI_B_4,,56.6,31.2,9.205,40.19,1.07,1497.068,76.1
02/17/20,200217_TRI_B_4,,56.6,31.2,9.205,40.19,1.07,1729.798,123.8
02/17/20,200217_TRI_B_4,,56.6,31.2,23.457,27.29,1.22,1628.784,106.9
02/17/20,200217_TRI_B_4,,56.6,31.2,23.457,27.29,1.22,1497.068,76.1
02/17/20,200217_TRI_B_4,,56.6,31.2,23.457,27.29,1.22,1729.798,123.8
02/17/20,200217_TRI_B_4,,56.6,31.2,26.339,53.45,1.25,1628.784,106.9
02/17/20,200217_TRI_B_4,,56.6,31.2,26.339,53.45,1.25,1497.068,76.1
02/17/20,200217_TRI_B_4,,56.6,31.2,26.339,53.45,1.25,1729.798,123.8
02/28/20,200228_RYE_A_1,,42.4,18.8,45.102,61.6,0.56,1904.18,119.9
02/28/20,200228_RYE_A_1,,42.4,18.8,45.102,61.6,0.56,1708.767,84.1
02/28/20,200228_RYE_A_1,,42.4,18.8,45.102,61.6,0.56,1937.14,101.7
02/28/20,200228_RYE_A_1,,42.4,18.8,45.102,61.6,0.56,1763.828,99.1
02/28/20,200228_RYE_A_1,,42.4,18.8,62.617,48.1,0.8,1904.18,119.9
02/28/20,200228_RYE_A_1,,42.4,18.8,62.617,48.1,0.8,1708.767,84.1
02/28/20,200228_RYE_A_1,,42.4,18.8,62.617,48.1,0.8,1937.14,101.7
02/28/20,200228_RYE_A_1,,42.4,18.8,62.617,48.1,0.8,1763.828,99.1
02/28/20,200228_RYE_A_1,,42.4,18.8,68.446,60.29,0.42,1904.18,119.9
02/28/20,200228_RYE_A_1,,42.4,18.8,68.446,60.29,0.42,1708.767,84.1
02/28/20,200228_RYE_A_1,,42.4,18.8,68.446,60.29,0.42,1937.14,101.7
02/28/20,200228_RYE_A_1,,42.4,18.8,68.446,60.29,0.42,1763.828,99.1
02/28/20,200228_RYE_A_1,,42.4,18.8,50.532,55.81,0.49,1904.18,119.9
02/28/20,200228_RYE_A_1,,42.4,18.8,50.532,55.81,0.49,1708.767,84.1
02/28/20,200228_RYE_A_1,,42.4,18.8,50.532,55.81,0.49,1937.14,101.7
02/28/20,200228_RYE_A_1,,42.4,18.8,50.532,55.81,0.49,1763.828,99.1
02/28/20,200228_RYE_A_1,,96.3,22.2,45.102,61.6,0.56,1904.18,119.9
02/28/20,200228_RYE_A_1,,96.3,22.2,45.102,61.6,0.56,1708.767,84.1
02/28/20,200228_RYE_A_1,,96.3,22.2,45.102,61.6,0.56,1937.14,101.7
02/28/20,200228_RYE_A_1,,96.3,22.2,45.102,61.6,0.56,1763.828,99.1
02/28/20,200228_RYE_A_1,,96.3,22.2,62.617,48.1,0.8,1904.18,119.9
02/28/20,200228_RYE_A_1,,96.3,22.2,62.617,48.1,0.8,1708.767,84.1
02/28/20,200228_RYE_A_1,,96.3,22.2,62.617,48.1,0.8,1937.14,101.7
02/28/20,200228_RYE_A_1,,96.3,22.2,62.617,48.1,0.8,1763.828,99.1
02/28/20,200228_RYE_A_1,,96.3,22.2,68.446,60.29,0.42,1904.18,119.9
02/28/20,200228_RYE_A_1,,96.3,22.2,68.446,60.29,0.42,1708.767,84.1
02/28/20,200228_RYE_A_1,,96.3,22.2,68.446,60.29,0.42,1937.14,101.7
02/28/20,200228_RYE_A_1,,96.3,22.2,68.446,60.29,0.42,1763.828,99.1
02/28/20,200228_RYE_A_1,,96.3,22.2,50.532,55.81,0.49,1904.18,119.9
02/28/20,200228_RYE_A_1,,96.3,22.2,50.532,55.81,0.49,1708.767,84.1
02/28/20,200228_RYE_A_1,,96.3,22.2,50.532,55.81,0.49,1937.14,101.7
02/28/20,200228_RYE_A_1,,96.3,22.2,50.532,55.81,0.49,1763.828,99.1
02/28/20,200228_RYE_A_1,,36.3,23.7,45.102,61.6,0.56,1904.18,119.9
02/28/20,200228_RYE_A_1,,36.3,23.7,45.102,61.6,0.56,1708.767,84.1
02/28/20,200228_RYE_A_1,,36.3,23.7,45.102,61.6,0.56,1937.14,101.7
02/28/20,200228_RYE_A_1,,36.3,23.7,45.102,61.6,0.56,1763.828,99.1
02/28/20,200228_RYE_A_1,,36.3,23.7,62.617,48.1,0.8,1904.18,119.9
02/28/20,200228_RYE_A_1,,36.3,23.7,62.617,48.1,0.8,1708.767,84.1
02/28/20,200228_RYE_A_1,,36.3,23.7,62.617,48.1,0.8,1937.14,101.7
02/28/20,200228_RYE_A_1,,36.3,23.7,62.617,48.1,0.8,1763.828,99.1
02/28/20,200228_RYE_A_1,,36.3,23.7,68.446,60.29,0.42,1904.18,119.9
02/28/20,200228_RYE_A_1,,36.3,23.7,68.446,60.29,0.42,1708.767,84.1
02/28/20,200228_RYE_A_1,,36.3,23.7,68.446,60.29,0.42,1937.14,101.7
02/28/20,200228_RYE_A_1,,36.3,23.7,68.446,60.29,0.42,1763.828,99.1
02/28/20,200228_RYE_A_1,,36.3,23.7,50.532,55.81,0.49,1904.18,119.9
02/28/20,200228_RYE_A_1,,36.3,23.7,50.532,55.81,0.49,1708.767,84.1
02/28/20,200228_RYE_A_1,,36.3,23.7,50.532,55.81,0.49,1937.14,101.7
02/28/20,200228_RYE_A_1,,36.3,23.7,50.532,55.81,0.49,1763.828,99.1
02/28/20,200228_RYE_A_1,,99.8,25.6,45.102,61.6,0.56,1904.18,119.9
02/28/20,200228_RYE_A_1,,99.8,25.6,45.102,61.6,0.56,1708.767,84.1
02/28/20,200228_RYE_A_1,,99.8,25.6,45.102,61.6,0.56,1937.14,101.7
02/28/20,200228_RYE_A_1,,99.8,25.6,45.102,61.6,0.56,1763.828,99.1
02/28/20,200228_RYE_A_1,,99.8,25.6,62.617,48.1,0.8,1904.18,119.9
02/28/20,200228_RYE_A_1,,99.8,25.6,62.617,48.1,0.8,1708.767,84.1
02/28/20,200228_RYE_A_1,,99.8,25.6,62.617,48.1,0.8,1937.14,101.7
02/28/20,200228_RYE_A_1,,99.8,25.6,62.617,48.1,0.8,1763.828,99.1
02/28/20,200228_RYE_A_1,,99.8,25.6,68.446,60.29,0.42,1904.18,119.9
02/28/20,200228_RYE_A_1,,99.8,25.6,68.446,60.29,0.42,1708.767,84.1
02/28/20,200228_RYE_A_1,,99.8,25.6,68.446,60.29,0.42,1937.14,101.7
02/28/20,200228_RYE_A_1,,99.8,25.6,68.446,60.29,0.42,1763.828,99.1
02/28/20,200228_RYE_A_1,,99.8,25.6,50.532,55.81,0.49,1904.18,119.9
02/28/20,200228_RYE_A_1,,99.8,25.6,50.532,55.81,0.49,1708.767,84.1
02/28/20,200228_RYE_A_1,,99.8,25.6,50.532,55.81,0.49,1937.14,101.7
02/28/20,200228_RYE_A_1,,99.8,25.6,50.532,55.81,0.49,1763.828,99.1
02/28/20,200228_RYE_A_2,,69.5,26.7,51.596,53.13,0.43,2055.1,125.8
02/28/20,200228_RYE_A_2,,69.5,26.7,51.596,53.13,0.43,2005.735,125.6
02/28/20,200228_RYE_A_2,,69.5,26.7,51.596,53.13,0.43,1724.958,80.1
02/28/20,200228_RYE_A_2,,69.5,26.7,30.063,54.65,0.5,2055.1,125.8
02/28/20,200228_RYE_A_2,,69.5,26.7,30.063,54.65,0.5,2005.735,125.6
02/28/20,200228_RYE_A_2,,69.5,26.7,30.063,54.65,0.5,1724.958,80.1
02/28/20,200228_RYE_A_2,,69.5,26.7,67.604,49.02,0.41,2055.1,125.8
02/28/20,200228_RYE_A_2,,69.5,26.7,67.604,49.02,0.41,2005.735,125.6
02/28/20,200228_RYE_A_2,,69.5,26.7,67.604,49.02,0.41,1724.958,80.1
02/28/20,200228_RYE_A_2,,83.7,27,51.596,53.13,0.43,2055.1,125.8
02/28/20,200228_RYE_A_2,,83.7,27,51.596,53.13,0.43,2005.735,125.6
02/28/20,200228_RYE_A_2,,83.7,27,51.596,53.13,0.43,1724.958,80.1
02/28/20,200228_RYE_A_2,,83.7,27,30.063,54.65,0.5,2055.1,125.8
02/28/20,200228_RYE_A_2,,83.7,27,30.063,54.65,0.5,2005.735,125.6
02/28/20,200228_RYE_A_2,,83.7,27,30.063,54.65,0.5,1724.958,80.1
02/28/20,200228_RYE_A_2,,83.7,27,67.604,49.02,0.41,2055.1,125.8
02/28/20,200228_RYE_A_2,,83.7,27,67.604,49.02,0.41,2005.735,125.6
02/28/20,200228_RYE_A_2,,83.7,27,67.604,49.02,0.41,1724.958,80.1
02/28/20,200228_RYE_A_2,,84.8,26.6,51.596,53.13,0.43,2055.1,125.8
02/28/20,200228_RYE_A_2,,84.8,26.6,51.596,53.13,0.43,2005.735,125.6
02/28/20,200228_RYE_A_2,,84.8,26.6,51.596,53.13,0.43,1724.958,80.1
02/28/20,200228_RYE_A_2,,84.8,26.6,30.063,54.65,0.5,2055.1,125.8
02/28/20,200228_RYE_A_2,,84.8,26.6,30.063,54.65,0.5,2005.735,125.6
02/28/20,200228_RYE_A_2,,84.8,26.6,30.063,54.65,0.5,1724.958,80.1
02/28/20,200228_RYE_A_2,,84.8,26.6,67.604,49.02,0.41,2055.1,125.8
02/28/20,200228_RYE_A_2,,84.8,26.6,67.604,49.02,0.41,2005.735,125.6
02/28/20,200228_RYE_A_2,,84.8,26.6,67.604,49.02,0.41,1724.958,80.1
02/28/20,200228_RYE_A_3,,109.6,27,50.332,62.29,0.5,1449.352,90.8
02/28/20,200228_RYE_A_3,,109.6,27,50.332,62.29,0.5,1527.853,77.7
02/28/20,200228_RYE_A_3,,109.6,27,70.173,62.44,0.38,1449.352,90.8
02/28/20,200228_RYE_A_3,,109.6,27,70.173,62.44,0.38,1527.853,77.7
02/28/20,200228_RYE_A_3,,48.2,27.7,50.332,62.29,0.5,1449.352,90.8
02/28/20,200228_RYE_A_3,,48.2,27.7,50.332,62.29,0.5,1527.853,77.7
02/28/20,200228_RYE_A_3,,48.2,27.7,70.173,62.44,0.38,1449.352,90.8
02/28/20,200228_RYE_A_3,,48.2,27.7,70.173,62.44,0.38,1527.853,77.7
02/28/20,200228_RYE_A_4,,162.2,27.3,62.545,69,0.48,1339.155,80.3
02/28/20,200228_RYE_A_4,,162.2,27.3,62.545,69,0.48,1369.391,75.5
02/28/20,200228_RYE_A_4,,162.2,27.3,62.545,69,0.48,1157.329,54
02/28/20,200228_RYE_A_4,,162.2,27.3,75.6,57.15,0.42,1339.155,80.3
02/28/20,200228_RYE_A_4,,162.2,27.3,75.6,57.15,0.42,1369.391,75.5
02/28/20,200228_RYE_A_4,,162.2,27.3,75.6,57.15,0.42,1157.329,54
02/28/20,200228_RYE_A_4,,162.2,27.3,64.831,21.17,1.41,1339.155,80.3
02/28/20,200228_RYE_A_4,,162.2,27.3,64.831,21.17,1.41,1369.391,75.5
02/28/20,200228_RYE_A_4,,162.2,27.3,64.831,21.17,1.41,1157.329,54
02/28/20,200228_RYE_A_4,,64.8,27.7,62.545,69,0.48,1339.155,80.3
02/28/20,200228_RYE_A_4,,64.8,27.7,62.545,69,0.48,1369.391,75.5
02/28/20,200228_RYE_A_4,,64.8,27.7,62.545,69,0.48,1157.329,54
02/28/20,200228_RYE_A_4,,64.8,27.7,75.6,57.15,0.42,1339.155,80.3
02/28/20,200228_RYE_A_4,,64.8,27.7,75.6,57.15,0.42,1369.391,75.5
02/28/20,200228_RYE_A_4,,64.8,27.7,75.6,57.15,0.42,1157.329,54
02/28/20,200228_RYE_A_4,,64.8,27.7,64.831,21.17,1.41,1339.155,80.3
02/28/20,200228_RYE_A_4,,64.8,27.7,64.831,21.17,1.41,1369.391,75.5
02/28/20,200228_RYE_A_4,,64.8,27.7,64.831,21.17,1.41,1157.329,54
02/28/20,200228_RYE_A_4,,66.3,27.4,62.545,69,0.48,1339.155,80.3
02/28/20,200228_RYE_A_4,,66.3,27.4,62.545,69,0.48,1369.391,75.5
02/28/20,200228_RYE_A_4,,66.3,27.4,62.545,69,0.48,1157.329,54
02/28/20,200228_RYE_A_4,,66.3,27.4,75.6,57.15,0.42,1339.155,80.3
02/28/20,200228_RYE_A_4,,66.3,27.4,75.6,57.15,0.42,1369.391,75.5
02/28/20,200228_RYE_A_4,,66.3,27.4,75.6,57.15,0.42,1157.329,54
02/28/20,200228_RYE_A_4,,66.3,27.4,64.831,21.17,1.41,1339.155,80.3
02/28/20,200228_RYE_A_4,,66.3,27.4,64.831,21.17,1.41,1369.391,75.5
02/28/20,200228_RYE_A_4,,66.3,27.4,64.831,21.17,1.41,1157.329,54
02/28/20,200228_RYE_B_1,,81.1,32.9,55.466,53.34,0.85,1335.52,71
02/28/20,200228_RYE_B_1,,81.1,32.9,55.466,53.34,0.85,1683.248,89.6
02/28/20,200228_RYE_B_1,,81.1,32.9,55.466,53.34,0.85,1499.038,81.8
02/28/20,200228_RYE_B_1,,81.1,32.9,43.772,61.68,0.39,1335.52,71
02/28/20,200228_RYE_B_1,,81.1,32.9,43.772,61.68,0.39,1683.248,89.6
02/28/20,200228_RYE_B_1,,81.1,32.9,43.772,61.68,0.39,1499.038,81.8
02/28/20,200228_RYE_B_1,,81.1,32.9,53.515,57.48,0.86,1335.52,71
02/28/20,200228_RYE_B_1,,81.1,32.9,53.515,57.48,0.86,1683.248,89.6
02/28/20,200228_RYE_B_1,,81.1,32.9,53.515,57.48,0.86,1499.038,81.8
02/28/20,200228_RYE_B_1,,60.3,32.8,55.466,53.34,0.85,1335.52,71
02/28/20,200228_RYE_B_1,,60.3,32.8,55.466,53.34,0.85,1683.248,89.6
02/28/20,200228_RYE_B_1,,60.3,32.8,55.466,53.34,0.85,1499.038,81.8
02/28/20,200228_RYE_B_1,,60.3,32.8,43.772,61.68,0.39,1335.52,71
02/28/20,200228_RYE_B_1,,60.3,32.8,43.772,61.68,0.39,1683.248,89.6
02/28/20,200228_RYE_B_1,,60.3,32.8,43.772,61.68,0.39,1499.038,81.8
02/28/20,200228_RYE_B_1,,60.3,32.8,53.515,57.48,0.86,1335.52,71
02/28/20,200228_RYE_B_1,,60.3,32.8,53.515,57.48,0.86,1683.248,89.6
02/28/20,200228_RYE_B_1,,60.3,32.8,53.515,57.48,0.86,1499.038,81.8
02/28/20,200228_RYE_B_1,,48.6,32.6,55.466,53.34,0.85,1335.52,71
02/28/20,200228_RYE_B_1,,48.6,32.6,55.466,53.34,0.85,1683.248,89.6
02/28/20,200228_RYE_B_1,,48.6,32.6,55.466,53.34,0.85,1499.038,81.8
02/28/20,200228_RYE_B_1,,48.6,32.6,43.772,61.68,0.39,1335.52,71
02/28/20,200228_RYE_B_1,,48.6,32.6,43.772,61.68,0.39,1683.248,89.6
02/28/20,200228_RYE_B_1,,48.6,32.6,43.772,61.68,0.39,1499.038,81.8
02/28/20,200228_RYE_B_1,,48.6,32.6,53.515,57.48,0.86,1335.52,71
02/28/20,200228_RYE_B_1,,48.6,32.6,53.515,57.48,0.86,1683.248,89.6
02/28/20,200228_RYE_B_1,,48.6,32.6,53.515,57.48,0.86,1499.038,81.8
02/28/20,200228_RYE_B_2,,91.5,32.7,67.214,47.64,0.8,2088.862,92.6
02/28/20,200228_RYE_B_2,,91.5,32.7,67.214,47.64,0.8,1996.493,110.6
02/28/20,200228_RYE_B_2,,91.5,32.7,67.214,47.64,0.8,1901.146,109.3
02/28/20,200228_RYE_B_2,,91.5,32.7,54.901,65.61,0.91,2088.862,92.6
02/28/20,200228_RYE_B_2,,91.5,32.7,54.901,65.61,0.91,1996.493,110.6
02/28/20,200228_RYE_B_2,,91.5,32.7,54.901,65.61,0.91,1901.146,109.3
02/28/20,200228_RYE_B_2,,91.5,32.7,67.236,62.98,0.76,2088.862,92.6
02/28/20,200228_RYE_B_2,,91.5,32.7,67.236,62.98,0.76,1996.493,110.6
02/28/20,200228_RYE_B_2,,91.5,32.7,67.236,62.98,0.76,1901.146,109.3
02/28/20,200228_RYE_B_2,,158.8,32.1,67.214,47.64,0.8,2088.862,92.6
02/28/20,200228_RYE_B_2,,158.8,32.1,67.214,47.64,0.8,1996.493,110.6
02/28/20,200228_RYE_B_2,,158.8,32.1,67.214,47.64,0.8,1901.146,109.3
02/28/20,200228_RYE_B_2,,158.8,32.1,54.901,65.61,0.91,2088.862,92.6
02/28/20,200228_RYE_B_2,,158.8,32.1,54.901,65.61,0.91,1996.493,110.6
02/28/20,200228_RYE_B_2,,158.8,32.1,54.901,65.61,0.91,1901.146,109.3
02/28/20,200228_RYE_B_2,,158.8,32.1,67.236,62.98,0.76,2088.862,92.6
02/28/20,200228_RYE_B_2,,158.8,32.1,67.236,62.98,0.76,1996.493,110.6
02/28/20,200228_RYE_B_2,,158.8,32.1,67.236,62.98,0.76,1901.146,109.3
02/28/20,200228_RYE_B_2,,87.8,31.8,67.214,47.64,0.8,2088.862,92.6
02/28/20,200228_RYE_B_2,,87.8,31.8,67.214,47.64,0.8,1996.493,110.6
02/28/20,200228_RYE_B_2,,87.8,31.8,67.214,47.64,0.8,1901.146,109.3
02/28/20,200228_RYE_B_2,,87.8,31.8,54.901,65.61,0.91,2088.862,92.6
02/28/20,200228_RYE_B_2,,87.8,31.8,54.901,65.61,0.91,1996.493,110.6
02/28/20,200228_RYE_B_2,,87.8,31.8,54.901,65.61,0.91,1901.146,109.3
02/28/20,200228_RYE_B_2,,87.8,31.8,67.236,62.98,0.76,2088.862,92.6
02/28/20,200228_RYE_B_2,,87.8,31.8,67.236,62.98,0.76,1996.493,110.6
02/28/20,200228_RYE_B_2,,87.8,31.8,67.236,62.98,0.76,1901.146,109.3
02/28/20,200228_RYE_B_3,,18.4,31,51.46,49.41,0.8,1738.346,104.1
02/28/20,200228_RYE_B_3,,18.4,31,51.46,49.41,0.8,1328.07,66.8
02/28/20,200228_RYE_B_3,,18.4,31,51.46,49.41,0.8,1231.836,67.7
02/28/20,200228_RYE_B_3,,18.4,31,42.787,42.5,1.19,1738.346,104.1
02/28/20,200228_RYE_B_3,,18.4,31,42.787,42.5,1.19,1328.07,66.8
02/28/20,200228_RYE_B_3,,18.4,31,42.787,42.5,1.19,1231.836,67.7
02/28/20,200228_RYE_B_3,,18.4,31,41.875,54.6,1.54,1738.346,104.1
02/28/20,200228_RYE_B_3,,18.4,31,41.875,54.6,1.54,1328.07,66.8
02/28/20,200228_RYE_B_3,,18.4,31,41.875,54.6,1.54,1231.836,67.7
02/28/20,200228_RYE_B_3,,52.1,30.3,51.46,49.41,0.8,1738.346,104.1
02/28/20,200228_RYE_B_3,,52.1,30.3,51.46,49.41,0.8,1328.07,66.8
02/28/20,200228_RYE_B_3,,52.1,30.3,51.46,49.41,0.8,1231.836,67.7
02/28/20,200228_RYE_B_3,,52.1,30.3,42.787,42.5,1.19,1738.346,104.1
02/28/20,200228_RYE_B_3,,52.1,30.3,42.787,42.5,1.19,1328.07,66.8
02/28/20,200228_RYE_B_3,,52.1,30.3,42.787,42.5,1.19,1231.836,67.7
02/28/20,200228_RYE_B_3,,52.1,30.3,41.875,54.6,1.54,1738.346,104.1
02/28/20,200228_RYE_B_3,,52.1,30.3,41.875,54.6,1.54,1328.07,66.8
02/28/20,200228_RYE_B_3,,52.1,30.3,41.875,54.6,1.54,1231.836,67.7
02/28/20,200228_RYE_B_3,,93.6,30.1,51.46,49.41,0.8,1738.346,104.1
02/28/20,200228_RYE_B_3,,93.6,30.1,51.46,49.41,0.8,1328.07,66.8
02/28/20,200228_RYE_B_3,,93.6,30.1,51.46,49.41,0.8,1231.836,67.7
02/28/20,200228_RYE_B_3,,93.6,30.1,42.787,42.5,1.19,1738.346,104.1
02/28/20,200228_RYE_B_3,,93.6,30.1,42.787,42.5,1.19,1328.07,66.8
02/28/20,200228_RYE_B_3,,93.6,30.1,42.787,42.5,1.19,1231.836,67.7
02/28/20,200228_RYE_B_3,,93.6,30.1,41.875,54.6,1.54,1738.346,104.1
02/28/20,200228_RYE_B_3,,93.6,30.1,41.875,54.6,1.54,1328.07,66.8
02/28/20,200228_RYE_B_3,,93.6,30.1,41.875,54.6,1.54,1231.836,67.7
02/28/20,200228_RYE_B_4,,69.6,35.5,46.171,57.98,1.11,1562.352,96.1
02/28/20,200228_RYE_B_4,,69.6,35.5,46.171,57.98,1.11,2072.864,102.2
02/28/20,200228_RYE_B_4,,69.6,35.5,46.171,57.98,1.11,1711.386,93
02/28/20,200228_RYE_B_4,,69.6,35.5,36.261,64.39,0.4,1562.352,96.1
02/28/20,200228_RYE_B_4,,69.6,35.5,36.261,64.39,0.4,2072.864,102.2
02/28/20,200228_RYE_B_4,,69.6,35.5,36.261,64.39,0.4,1711.386,93
02/28/20,200228_RYE_B_4,,69.6,35.5,73.489,38.53,1.4,1562.352,96.1
02/28/20,200228_RYE_B_4,,69.6,35.5,73.489,38.53,1.4,2072.864,102.2
02/28/20,200228_RYE_B_4,,69.6,35.5,73.489,38.53,1.4,1711.386,93
02/28/20,200228_RYE_B_4,,44.3,33.6,46.171,57.98,1.11,1562.352,96.1
02/28/20,200228_RYE_B_4,,44.3,33.6,46.171,57.98,1.11,2072.864,102.2
02/28/20,200228_RYE_B_4,,44.3,33.6,46.171,57.98,1.11,1711.386,93
02/28/20,200228_RYE_B_4,,44.3,33.6,36.261,64.39,0.4,1562.352,96.1
02/28/20,200228_RYE_B_4,,44.3,33.6,36.261,64.39,0.4,2072.864,102.2
02/28/20,200228_RYE_B_4,,44.3,33.6,36.261,64.39,0.4,1711.386,93
02/28/20,200228_RYE_B_4,,44.3,33.6,73.489,38.53,1.4,1562.352,96.1
02/28/20,200228_RYE_B_4,,44.3,33.6,73.489,38.53,1.4,2072.864,102.2
02/28/20,200228_RYE_B_4,,44.3,33.6,73.489,38.53,1.4,1711.386,93
02/28/20,200228_RYE_B_4,,169,32.7,46.171,57.98,1.11,1562.352,96.1
02/28/20,200228_RYE_B_4,,169,32.7,46.171,57.98,1.11,2072.864,102.2
02/28/20,200228_RYE_B_4,,169,32.7,46.171,57.98,1.11,1711.386,93
02/28/20,200228_RYE_B_4,,169,32.7,36.261,64.39,0.4,1562.352,96.1
02/28/20,200228_RYE_B_4,,169,32.7,36.261,64.39,0.4,2072.864,102.2
02/28/20,200228_RYE_B_4,,169,32.7,36.261,64.39,0.4,1711.386,93
02/28/20,200228_RYE_B_4,,169,32.7,73.489,38.53,1.4,1562.352,96.1
02/28/20,200228_RYE_B_4,,169,32.7,73.489,38.53,1.4,2072.864,102.2
02/28/20,200228_RYE_B_4,,169,32.7,73.489,38.53,1.4,1711.386,93
03/05/20,200305_TRI_A_1,,203.5,19.3,58.097,65.81,0.74,2058.019,145.8
03/05/20,200305_TRI_A_1,,203.5,19.3,58.097,65.81,0.74,2733.331,180.4
03/05/20,200305_TRI_A_1,,203.5,19.3,58.097,65.81,0.74,2236.822,157.5
03/05/20,200305_TRI_A_1,,203.5,19.3,80.435,70.42,0.57,2058.019,145.8
03/05/20,200305_TRI_A_1,,203.5,19.3,80.435,70.42,0.57,2733.331,180.4
03/05/20,200305_TRI_A_1,,203.5,19.3,80.435,70.42,0.57,2236.822,157.5
03/05/20,200305_TRI_A_1,,203.5,19.3,28.721,70.02,0.6,2058.019,145.8
03/05/20,200305_TRI_A_1,,203.5,19.3,28.721,70.02,0.6,2733.331,180.4
03/05/20,200305_TRI_A_1,,203.5,19.3,28.721,70.02,0.6,2236.822,157.5
03/05/20,200305_TRI_A_1,,171.4,20.7,58.097,65.81,0.74,2058.019,145.8
03/05/20,200305_TRI_A_1,,171.4,20.7,58.097,65.81,0.74,2733.331,180.4
03/05/20,200305_TRI_A_1,,171.4,20.7,58.097,65.81,0.74,2236.822,157.5
03/05/20,200305_TRI_A_1,,171.4,20.7,80.435,70.42,0.57,2058.019,145.8
03/05/20,200305_TRI_A_1,,171.4,20.7,80.435,70.42,0.57,2733.331,180.4
03/05/20,200305_TRI_A_1,,171.4,20.7,80.435,70.42,0.57,2236.822,157.5
03/05/20,200305_TRI_A_1,,171.4,20.7,28.721,70.02,0.6,2058.019,145.8
03/05/20,200305_TRI_A_1,,171.4,20.7,28.721,70.02,0.6,2733.331,180.4
03/05/20,200305_TRI_A_1,,171.4,20.7,28.721,70.02,0.6,2236.822,157.5
03/05/20,200305_TRI_A_1,,86.6,20.8,58.097,65.81,0.74,2058.019,145.8
03/05/20,200305_TRI_A_1,,86.6,20.8,58.097,65.81,0.74,2733.331,180.4
03/05/20,200305_TRI_A_1,,86.6,20.8,58.097,65.81,0.74,2236.822,157.5
03/05/20,200305_TRI_A_1,,86.6,20.8,80.435,70.42,0.57,2058.019,145.8
03/05/20,200305_TRI_A_1,,86.6,20.8,80.435,70.42,0.57,2733.331,180.4
03/05/20,200305_TRI_A_1,,86.6,20.8,80.435,70.42,0.57,2236.822,157.5
03/05/20,200305_TRI_A_1,,86.6,20.8,28.721,70.02,0.6,2058.019,145.8
03/05/20,200305_TRI_A_1,,86.6,20.8,28.721,70.02,0.6,2733.331,180.4
03/05/20,200305_TRI_A_1,,86.6,20.8,28.721,70.02,0.6,2236.822,157.5
03/05/20,200305_TRI_A_2,,232,20.1,68.851,73.6,0.54,1690.904,104.7
03/05/20,200305_TRI_A_2,,232,20.1,68.851,73.6,0.54,1636.73,108.5
03/05/20,200305_TRI_A_2,,232,20.1,68.851,73.6,0.54,1642.841,123.5
03/05/20,200305_TRI_A_2,,232,20.1,26.459,72.28,0.58,1690.904,104.7
03/05/20,200305_TRI_A_2,,232,20.1,26.459,72.28,0.58,1636.73,108.5
03/05/20,200305_TRI_A_2,,232,20.1,26.459,72.28,0.58,1642.841,123.5
03/05/20,200305_TRI_A_2,,232,20.1,43.414,27.5,1.31,1690.904,104.7
03/05/20,200305_TRI_A_2,,232,20.1,43.414,27.5,1.31,1636.73,108.5
03/05/20,200305_TRI_A_2,,232,20.1,43.414,27.5,1.31,1642.841,123.5
03/05/20,200305_TRI_A_2,,151,19.8,68.851,73.6,0.54,1690.904,104.7
03/05/20,200305_TRI_A_2,,151,19.8,68.851,73.6,0.54,1636.73,108.5
03/05/20,200305_TRI_A_2,,151,19.8,68.851,73.6,0.54,1642.841,123.5
03/05/20,200305_TRI_A_2,,151,19.8,26.459,72.28,0.58,1690.904,104.7
03/05/20,200305_TRI_A_2,,151,19.8,26.459,72.28,0.58,1636.73,108.5
03/05/20,200305_TRI_A_2,,151,19.8,26.459,72.28,0.58,1642.841,123.5
03/05/20,200305_TRI_A_2,,151,19.8,43.414,27.5,1.31,1690.904,104.7
03/05/20,200305_TRI_A_2,,151,19.8,43.414,27.5,1.31,1636.73,108.5
03/05/20,200305_TRI_A_2,,151,19.8,43.414,27.5,1.31,1642.841,123.5
03/05/20,200305_TRI_A_2,,71.6,20,68.851,73.6,0.54,1690.904,104.7
03/05/20,200305_TRI_A_2,,71.6,20,68.851,73.6,0.54,1636.73,108.5
03/05/20,200305_TRI_A_2,,71.6,20,68.851,73.6,0.54,1642.841,123.5
03/05/20,200305_TRI_A_2,,71.6,20,26.459,72.28,0.58,1690.904,104.7
03/05/20,200305_TRI_A_2,,71.6,20,26.459,72.28,0.58,1636.73,108.5
03/05/20,200305_TRI_A_2,,71.6,20,26.459,72.28,0.58,1642.841,123.5
03/05/20,200305_TRI_A_2,,71.6,20,43.414,27.5,1.31,1690.904,104.7
03/05/20,200305_TRI_A_2,,71.6,20,43.414,27.5,1.31,1636.73,108.5
03/05/20,200305_TRI_A_2,,71.6,20,43.414,27.5,1.31,1642.841,123.5
03/05/20,200305_TRI_A_3,,133.5,19.5,28.598,70.7,0.42,2302.548,157.6
03/05/20,200305_TRI_A_3,,133.5,19.5,28.598,70.7,0.42,1571.752,105.2
03/05/20,200305_TRI_A_3,,133.5,19.5,28.598,70.7,0.42,2024.153,121
03/05/20,200305_TRI_A_3,,133.5,19.5,4.622,60.09,0.47,2302.548,157.6
03/05/20,200305_TRI_A_3,,133.5,19.5,4.622,60.09,0.47,1571.752,105.2
03/05/20,200305_TRI_A_3,,133.5,19.5,4.622,60.09,0.47,2024.153,121
03/05/20,200305_TRI_A_3,,133.5,19.5,25.837,75.63,0.42,2302.548,157.6
03/05/20,200305_TRI_A_3,,133.5,19.5,25.837,75.63,0.42,1571.752,105.2
03/05/20,200305_TRI_A_3,,133.5,19.5,25.837,75.63,0.42,2024.153,121
03/05/20,200305_TRI_A_3,,48.6,20.4,28.598,70.7,0.42,2302.548,157.6
03/05/20,200305_TRI_A_3,,48.6,20.4,28.598,70.7,0.42,1571.752,105.2
03/05/20,200305_TRI_A_3,,48.6,20.4,28.598,70.7,0.42,2024.153,121
03/05/20,200305_TRI_A_3,,48.6,20.4,4.622,60.09,0.47,2302.548,157.6
03/05/20,200305_TRI_A_3,,48.6,20.4,4.622,60.09,0.47,1571.752,105.2
03/05/20,200305_TRI_A_3,,48.6,20.4,4.622,60.09,0.47,2024.153,121
03/05/20,200305_TRI_A_3,,48.6,20.4,25.837,75.63,0.42,2302.548,157.6
03/05/20,200305_TRI_A_3,,48.6,20.4,25.837,75.63,0.42,1571.752,105.2
03/05/20,200305_TRI_A_3,,48.6,20.4,25.837,75.63,0.42,2024.153,121
03/05/20,200305_TRI_A_3,,179.8,20.6,28.598,70.7,0.42,2302.548,157.6
03/05/20,200305_TRI_A_3,,179.8,20.6,28.598,70.7,0.42,1571.752,105.2
03/05/20,200305_TRI_A_3,,179.8,20.6,28.598,70.7,0.42,2024.153,121
03/05/20,200305_TRI_A_3,,179.8,20.6,4.622,60.09,0.47,2302.548,157.6
03/05/20,200305_TRI_A_3,,179.8,20.6,4.622,60.09,0.47,1571.752,105.2
03/05/20,200305_TRI_A_3,,179.8,20.6,4.622,60.09,0.47,2024.153,121
03/05/20,200305_TRI_A_3,,179.8,20.6,25.837,75.63,0.42,2302.548,157.6
03/05/20,200305_TRI_A_3,,179.8,20.6,25.837,75.63,0.42,1571.752,105.2
03/05/20,200305_TRI_A_3,,179.8,20.6,25.837,75.63,0.42,2024.153,121
03/05/20,200305_TRI_A_4,,225.2,20.6,28.498,70.91,0.72,2574.958,193.3
03/05/20,200305_TRI_A_4,,225.2,20.6,28.498,70.91,0.72,2648.172,172.3
03/05/20,200305_TRI_A_4,,225.2,20.6,28.498,70.91,0.72,1703.671,112.3
03/05/20,200305_TRI_A_4,,225.2,20.6,82.141,66.18,0.42,2574.958,193.3
03/05/20,200305_TRI_A_4,,225.2,20.6,82.141,66.18,0.42,2648.172,172.3
03/05/20,200305_TRI_A_4,,225.2,20.6,82.141,66.18,0.42,1703.671,112.3
03/05/20,200305_TRI_A_4,,227,20.4,28.498,70.91,0.72,2574.958,193.3
03/05/20,200305_TRI_A_4,,227,20.4,28.498,70.91,0.72,2648.172,172.3
03/05/20,200305_TRI_A_4,,227,20.4,28.498,70.91,0.72,1703.671,112.3
03/05/20,200305_TRI_A_4,,227,20.4,82.141,66.18,0.42,2574.958,193.3
03/05/20,200305_TRI_A_4,,227,20.4,82.141,66.18,0.42,2648.172,172.3
03/05/20,200305_TRI_A_4,,227,20.4,82.141,66.18,0.42,1703.671,112.3
03/05/20,200305_TRI_A_4,,185.1,20.6,28.498,70.91,0.72,2574.958,193.3
03/05/20,200305_TRI_A_4,,185.1,20.6,28.498,70.91,0.72,2648.172,172.3
03/05/20,200305_TRI_A_4,,185.1,20.6,28.498,70.91,0.72,1703.671,112.3
03/05/20,200305_TRI_A_4,,185.1,20.6,82.141,66.18,0.42,2574.958,193.3
03/05/20,200305_TRI_A_4,,185.1,20.6,82.141,66.18,0.42,2648.172,172.3
03/05/20,200305_TRI_A_4,,185.1,20.6,82.141,66.18,0.42,1703.671,112.3
03/05/20,200305_TRI_B_2,,49.9,24.7,31.097,43.7,0.46,2088.826,129.9
03/05/20,200305_TRI_B_2,,49.9,24.7,31.097,43.7,0.46,2241.671,163.5
03/05/20,200305_TRI_B_2,,49.9,24.7,31.097,43.7,0.46,2650.437,164
03/05/20,200305_TRI_B_2,,49.9,24.7,8.876,74.07,0.74,2088.826,129.9
03/05/20,200305_TRI_B_2,,49.9,24.7,8.876,74.07,0.74,2241.671,163.5
03/05/20,200305_TRI_B_2,,49.9,24.7,8.876,74.07,0.74,2650.437,164
03/05/20,200305_TRI_B_2,,49.9,24.7,16.047,72.9,0.79,2088.826,129.9
03/05/20,200305_TRI_B_2,,49.9,24.7,16.047,72.9,0.79,2241.671,163.5
03/05/20,200305_TRI_B_2,,49.9,24.7,16.047,72.9,0.79,2650.437,164
03/05/20,200305_TRI_B_2,,50.4,21.8,31.097,43.7,0.46,2088.826,129.9
03/05/20,200305_TRI_B_2,,50.4,21.8,31.097,43.7,0.46,2241.671,163.5
03/05/20,200305_TRI_B_2,,50.4,21.8,31.097,43.7,0.46,2650.437,164
03/05/20,200305_TRI_B_2,,50.4,21.8,8.876,74.07,0.74,2088.826,129.9
03/05/20,200305_TRI_B_2,,50.4,21.8,8.876,74.07,0.74,2241.671,163.5
03/05/20,200305_TRI_B_2,,50.4,21.8,8.876,74.07,0.74,2650.437,164
03/05/20,200305_TRI_B_2,,50.4,21.8,16.047,72.9,0.79,2088.826,129.9
03/05/20,200305_TRI_B_2,,50.4,21.8,16.047,72.9,0.79,2241.671,163.5
03/05/20,200305_TRI_B_2,,50.4,21.8,16.047,72.9,0.79,2650.437,164
03/05/20,200305_TRI_B_2,,217.2,21.6,31.097,43.7,0.46,2088.826,129.9
03/05/20,200305_TRI_B_2,,217.2,21.6,31.097,43.7,0.46,2241.671,163.5
03/05/20,200305_TRI_B_2,,217.2,21.6,31.097,43.7,0.46,2650.437,164
03/05/20,200305_TRI_B_2,,217.2,21.6,8.876,74.07,0.74,2088.826,129.9
03/05/20,200305_TRI_B_2,,217.2,21.6,8.876,74.07,0.74,2241.671,163.5
03/05/20,200305_TRI_B_2,,217.2,21.6,8.876,74.07,0.74,2650.437,164
03/05/20,200305_TRI_B_2,,217.2,21.6,16.047,72.9,0.79,2088.826,129.9
03/05/20,200305_TRI_B_2,,217.2,21.6,16.047,72.9,0.79,2241.671,163.5
03/05/20,200305_TRI_B_2,,217.2,21.6,16.047,72.9,0.79,2650.437,164
03/05/20,200305_TRI_B_3,,86.2,21,28.682,76.79,0.46,2002.202,135
03/05/20,200305_TRI_B_3,,86.2,21,28.682,76.79,0.46,2375.592,167.6
03/05/20,200305_TRI_B_3,,86.2,21,28.682,76.79,0.46,1765.49,120.9
03/05/20,200305_TRI_B_3,,86.2,21,13.661,65.98,0.6,2002.202,135
03/05/20,200305_TRI_B_3,,86.2,21,13.661,65.98,0.6,2375.592,167.6
03/05/20,200305_TRI_B_3,,86.2,21,13.661,65.98,0.6,1765.49,120.9
03/05/20,200305_TRI_B_3,,86.2,21,37.862,70.81,0.78,2002.202,135
03/05/20,200305_TRI_B_3,,86.2,21,37.862,70.81,0.78,2375.592,167.6
03/05/20,200305_TRI_B_3,,86.2,21,37.862,70.81,0.78,1765.49,120.9
03/05/20,200305_TRI_B_3,,51,21.5,28.682,76.79,0.46,2002.202,135
03/05/20,200305_TRI_B_3,,51,21.5,28.682,76.79,0.46,2375.592,167.6
03/05/20,200305_TRI_B_3,,51,21.5,28.682,76.79,0.46,1765.49,120.9
03/05/20,200305_TRI_B_3,,51,21.5,13.661,65.98,0.6,2002.202,135
03/05/20,200305_TRI_B_3,,51,21.5,13.661,65.98,0.6,2375.592,167.6
03/05/20,200305_TRI_B_3,,51,21.5,13.661,65.98,0.6,1765.49,120.9
03/05/20,200305_TRI_B_3,,51,21.5,37.862,70.81,0.78,2002.202,135
03/05/20,200305_TRI_B_3,,51,21.5,37.862,70.81,0.78,2375.592,167.6
03/05/20,200305_TRI_B_3,,51,21.5,37.862,70.81,0.78,1765.49,120.9
03/05/20,200305_TRI_B_3,,77.7,21.2,28.682,76.79,0.46,2002.202,135
03/05/20,200305_TRI_B_3,,77.7,21.2,28.682,76.79,0.46,2375.592,167.6
03/05/20,200305_TRI_B_3,,77.7,21.2,28.682,76.79,0.46,1765.49,120.9
03/05/20,200305_TRI_B_3,,77.7,21.2,13.661,65.98,0.6,2002.202,135
03/05/20,200305_TRI_B_3,,77.7,21.2,13.661,65.98,0.6,2375.592,167.6
03/05/20,200305_TRI_B_3,,77.7,21.2,13.661,65.98,0.6,1765.49,120.9
03/05/20,200305_TRI_B_3,,77.7,21.2,37.862,70.81,0.78,2002.202,135
03/05/20,200305_TRI_B_3,,77.7,21.2,37.862,70.81,0.78,2375.592,167.6
03/05/20,200305_TRI_B_3,,77.7,21.2,37.862,70.81,0.78,1765.49,120.9
03/05/20,200305_TRI_B_4,,239.6,20.4,16.682,77.11,0.67,2562.59,176.7
03/05/20,200305_TRI_B_4,,239.6,20.4,16.682,77.11,0.67,2352.803,155
03/05/20,200305_TRI_B_4,,239.6,20.4,16.682,77.11,0.67,2444.904,153.6
03/05/20,200305_TRI_B_4,,239.6,20.4,5.122,74.76,0.71,2562.59,176.7
03/05/20,200305_TRI_B_4,,239.6,20.4,5.122,74.76,0.71,2352.803,155
03/05/20,200305_TRI_B_4,,239.6,20.4,5.122,74.76,0.71,2444.904,153.6
03/05/20,200305_TRI_B_4,,239.6,20.4,66.575,72.97,0.65,2562.59,176.7
03/05/20,200305_TRI_B_4,,239.6,20.4,66.575,72.97,0.65,2352.803,155
03/05/20,200305_TRI_B_4,,239.6,20.4,66.575,72.97,0.65,2444.904,153.6
03/05/20,200305_TRI_B_4,,39,22.3,16.682,77.11,0.67,2562.59,176.7
03/05/20,200305_TRI_B_4,,39,22.3,16.682,77.11,0.67,2352.803,155
03/05/20,200305_TRI_B_4,,39,22.3,16.682,77.11,0.67,2444.904,153.6
03/05/20,200305_TRI_B_4,,39,22.3,5.122,74.76,0.71,2562.59,176.7
03/05/20,200305_TRI_B_4,,39,22.3,5.122,74.76,0.71,2352.803,155
03/05/20,200305_TRI_B_4,,39,22.3,5.122,74.76,0.71,2444.904,153.6
03/05/20,200305_TRI_B_4,,39,22.3,66.575,72.97,0.65,2562.59,176.7
03/05/20,200305_TRI_B_4,,39,22.3,66.575,72.97,0.65,2352.803,155
03/05/20,200305_TRI_B_4,,39,22.3,66.575,72.97,0.65,2444.904,153.6
03/05/20,200305_TRI_B_4,,106.3,23.3,16.682,77.11,0.67,2562.59,176.7
03/05/20,200305_TRI_B_4,,106.3,23.3,16.682,77.11,0.67,2352.803,155
03/05/20,200305_TRI_B_4,,106.3,23.3,16.682,77.11,0.67,2444.904,153.6
03/05/20,200305_TRI_B_4,,106.3,23.3,5.122,74.76,0.71,2562.59,176.7
03/05/20,200305_TRI_B_4,,106.3,23.3,5.122,74.76,0.71,2352.803,155
03/05/20,200305_TRI_B_4,,106.3,23.3,5.122,74.76,0.71,2444.904,153.6
03/05/20,200305_TRI_B_4,,106.3,23.3,66.575,72.97,0.65,2562.59,176.7
03/05/20,200305_TRI_B_4,,106.3,23.3,66.575,72.97,0.65,2352.803,155
03/05/20,200305_TRI_B_4,,106.3,23.3,66.575,72.97,0.65,2444.904,153.6
03/05/20,200305_TRI_B_1,,174.7,20.1,26.863,69.04,0.48,1736.522,106.1
03/05/20,200305_TRI_B_1,,174.7,20.1,26.863,69.04,0.48,2123.826,116.4
03/05/20,200305_TRI_B_1,,174.7,20.1,26.863,69.04,0.48,1947.529,124.4
03/05/20,200305_TRI_B_1,,174.7,20.1,67.071,55.41,0.58,1736.522,106.1
03/05/20,200305_TRI_B_1,,174.7,20.1,67.071,55.41,0.58,2123.826,116.4
03/05/20,200305_TRI_B_1,,174.7,20.1,67.071,55.41,0.58,1947.529,124.4
03/05/20,200305_TRI_B_1,,174.7,20.1,35.762,67.96,0.74,1736.522,106.1
03/05/20,200305_TRI_B_1,,174.7,20.1,35.762,67.96,0.74,2123.826,116.4
03/05/20,200305_TRI_B_1,,174.7,20.1,35.762,67.96,0.74,1947.529,124.4
03/05/20,200305_TRI_B_1,,74.6,20,26.863,69.04,0.48,1736.522,106.1
03/05/20,200305_TRI_B_1,,74.6,20,26.863,69.04,0.48,2123.826,116.4
03/05/20,200305_TRI_B_1,,74.6,20,26.863,69.04,0.48,1947.529,124.4
03/05/20,200305_TRI_B_1,,74.6,20,67.071,55.41,0.58,1736.522,106.1
03/05/20,200305_TRI_B_1,,74.6,20,67.071,55.41,0.58,2123.826,116.4
03/05/20,200305_TRI_B_1,,74.6,20,67.071,55.41,0.58,1947.529,124.4
03/05/20,200305_TRI_B_1,,74.6,20,35.762,67.96,0.74,1736.522,106.1
03/05/20,200305_TRI_B_1,,74.6,20,35.762,67.96,0.74,2123.826,116.4
03/05/20,200305_TRI_B_1,,74.6,20,35.762,67.96,0.74,1947.529,124.4
03/05/20,200305_TRI_B_1,,22.9,21.4,26.863,69.04,0.48,1736.522,106.1
03/05/20,200305_TRI_B_1,,22.9,21.4,26.863,69.04,0.48,2123.826,116.4
03/05/20,200305_TRI_B_1,,22.9,21.4,26.863,69.04,0.48,1947.529,124.4
03/05/20,200305_TRI_B_1,,22.9,21.4,67.071,55.41,0.58,1736.522,106.1
03/05/20,200305_TRI_B_1,,22.9,21.4,67.071,55.41,0.58,2123.826,116.4
03/05/20,200305_TRI_B_1,,22.9,21.4,67.071,55.41,0.58,1947.529,124.4
03/05/20,200305_TRI_B_1,,22.9,21.4,35.762,67.96,0.74,1736.522,106.1
03/05/20,200305_TRI_B_1,,22.9,21.4,35.762,67.96,0.74,2123.826,116.4
03/05/20,200305_TRI_B_1,,22.9,21.4,35.762,67.96,0.74,1947.529,124.4
03/19/20,200319_RYE_A_1,,335.3,20.2,83.488,60.77,0.84,1570.875,63.9
03/19/20,200319_RYE_A_1,,335.3,20.2,83.488,60.77,0.84,1598.841,60.8
03/19/20,200319_RYE_A_1,,335.3,20.2,83.488,60.77,0.84,1456.121,55.5
03/19/20,200319_RYE_A_1,,335.3,20.2,26.408,59.65,0.35,1570.875,63.9
03/19/20,200319_RYE_A_1,,335.3,20.2,26.408,59.65,0.35,1598.841,60.8
03/19/20,200319_RYE_A_1,,335.3,20.2,26.408,59.65,0.35,1456.121,55.5
03/19/20,200319_RYE_A_1,,335.3,20.2,30.239,29.68,0.51,1570.875,63.9
03/19/20,200319_RYE_A_1,,335.3,20.2,30.239,29.68,0.51,1598.841,60.8
03/19/20,200319_RYE_A_1,,335.3,20.2,30.239,29.68,0.51,1456.121,55.5
03/19/20,200319_RYE_A_1,,227.5,20.6,83.488,60.77,0.84,1570.875,63.9
03/19/20,200319_RYE_A_1,,227.5,20.6,83.488,60.77,0.84,1598.841,60.8
03/19/20,200319_RYE_A_1,,227.5,20.6,83.488,60.77,0.84,1456.121,55.5
03/19/20,200319_RYE_A_1,,227.5,20.6,26.408,59.65,0.35,1570.875,63.9
03/19/20,200319_RYE_A_1,,227.5,20.6,26.408,59.65,0.35,1598.841,60.8
03/19/20,200319_RYE_A_1,,227.5,20.6,26.408,59.65,0.35,1456.121,55.5
03/19/20,200319_RYE_A_1,,227.5,20.6,30.239,29.68,0.51,1570.875,63.9
03/19/20,200319_RYE_A_1,,227.5,20.6,30.239,29.68,0.51,1598.841,60.8
03/19/20,200319_RYE_A_1,,227.5,20.6,30.239,29.68,0.51,1456.121,55.5
03/19/20,200319_RYE_A_1,,161.6,20.7,83.488,60.77,0.84,1570.875,63.9
03/19/20,200319_RYE_A_1,,161.6,20.7,83.488,60.77,0.84,1598.841,60.8
03/19/20,200319_RYE_A_1,,161.6,20.7,83.488,60.77,0.84,1456.121,55.5
03/19/20,200319_RYE_A_1,,161.6,20.7,26.408,59.65,0.35,1570.875,63.9
03/19/20,200319_RYE_A_1,,161.6,20.7,26.408,59.65,0.35,1598.841,60.8
03/19/20,200319_RYE_A_1,,161.6,20.7,26.408,59.65,0.35,1456.121,55.5
03/19/20,200319_RYE_A_1,,161.6,20.7,30.239,29.68,0.51,1570.875,63.9
03/19/20,200319_RYE_A_1,,161.6,20.7,30.239,29.68,0.51,1598.841,60.8
03/19/20,200319_RYE_A_1,,161.6,20.7,30.239,29.68,0.51,1456.121,55.5
03/19/20,200319_TRI_A_1,,336.7,21.1,68.009,58.34,0.56,2312.004,118.9
03/19/20,200319_TRI_A_1,,336.7,21.1,68.009,58.34,0.56,2045.382,111.5
03/19/20,200319_TRI_A_1,,336.7,21.1,68.009,58.34,0.56,2288.601,104.2
03/19/20,200319_TRI_A_1,,336.7,21.1,60.278,72.41,0.38,2312.004,118.9
03/19/20,200319_TRI_A_1,,336.7,21.1,60.278,72.41,0.38,2045.382,111.5
03/19/20,200319_TRI_A_1,,336.7,21.1,60.278,72.41,0.38,2288.601,104.2
03/19/20,200319_TRI_A_1,,336.7,21.1,63.337,61.35,0.34,2312.004,118.9
03/19/20,200319_TRI_A_1,,336.7,21.1,63.337,61.35,0.34,2045.382,111.5
03/19/20,200319_TRI_A_1,,336.7,21.1,63.337,61.35,0.34,2288.601,104.2
03/19/20,200319_TRI_A_1,,302.2,20.8,68.009,58.34,0.56,2312.004,118.9
03/19/20,200319_TRI_A_1,,302.2,20.8,68.009,58.34,0.56,2045.382,111.5
03/19/20,200319_TRI_A_1,,302.2,20.8,68.009,58.34,0.56,2288.601,104.2
03/19/20,200319_TRI_A_1,,302.2,20.8,60.278,72.41,0.38,2312.004,118.9
03/19/20,200319_TRI_A_1,,302.2,20.8,60.278,72.41,0.38,2045.382,111.5
03/19/20,200319_TRI_A_1,,302.2,20.8,60.278,72.41,0.38,2288.601,104.2
03/19/20,200319_TRI_A_1,,302.2,20.8,63.337,61.35,0.34,2312.004,118.9
03/19/20,200319_TRI_A_1,,302.2,20.8,63.337,61.35,0.34,2045.382,111.5
03/19/20,200319_TRI_A_1,,302.2,20.8,63.337,61.35,0.34,2288.601,104.2
03/19/20,200319_TRI_A_1,,166,22.5,68.009,58.34,0.56,2312.004,118.9
03/19/20,200319_TRI_A_1,,166,22.5,68.009,58.34,0.56,2045.382,111.5
03/19/20,200319_TRI_A_1,,166,22.5,68.009,58.34,0.56,2288.601,104.2
03/19/20,200319_TRI_A_1,,166,22.5,60.278,72.41,0.38,2312.004,118.9
03/19/20,200319_TRI_A_1,,166,22.5,60.278,72.41,0.38,2045.382,111.5
03/19/20,200319_TRI_A_1,,166,22.5,60.278,72.41,0.38,2288.601,104.2
03/19/20,200319_TRI_A_1,,166,22.5,63.337,61.35,0.34,2312.004,118.9
03/19/20,200319_TRI_A_1,,166,22.5,63.337,61.35,0.34,2045.382,111.5
03/19/20,200319_TRI_A_1,,166,22.5,63.337,61.35,0.34,2288.601,104.2
03/19/20,200319_TRI_B_1,,310.6,19.9,86.396,65.45,0.51,2642.792,122.6
03/19/20,200319_TRI_B_1,,310.6,19.9,86.396,65.45,0.51,2553.819,122.8
03/19/20,200319_TRI_B_1,,310.6,19.9,86.396,65.45,0.51,2553.985,125.7
03/19/20,200319_TRI_B_1,,310.6,19.9,58.038,60.09,0.81,2642.792,122.6
03/19/20,200319_TRI_B_1,,310.6,19.9,58.038,60.09,0.81,2553.819,122.8
03/19/20,200319_TRI_B_1,,310.6,19.9,58.038,60.09,0.81,2553.985,125.7
03/19/20,200319_TRI_B_1,,310.6,19.9,69.954,65.05,0.85,2642.792,122.6
03/19/20,200319_TRI_B_1,,310.6,19.9,69.954,65.05,0.85,2553.819,122.8
03/19/20,200319_TRI_B_1,,310.6,19.9,69.954,65.05,0.85,2553.985,125.7
03/19/20,200319_TRI_B_1,,140.1,19.9,86.396,65.45,0.51,2642.792,122.6
03/19/20,200319_TRI_B_1,,140.1,19.9,86.396,65.45,0.51,2553.819,122.8
03/19/20,200319_TRI_B_1,,140.1,19.9,86.396,65.45,0.51,2553.985,125.7
03/19/20,200319_TRI_B_1,,140.1,19.9,58.038,60.09,0.81,2642.792,122.6
03/19/20,200319_TRI_B_1,,140.1,19.9,58.038,60.09,0.81,2553.819,122.8
03/19/20,200319_TRI_B_1,,140.1,19.9,58.038,60.09,0.81,2553.985,125.7
03/19/20,200319_TRI_B_1,,140.1,19.9,69.954,65.05,0.85,2642.792,122.6
03/19/20,200319_TRI_B_1,,140.1,19.9,69.954,65.05,0.85,2553.819,122.8
03/19/20,200319_TRI_B_1,,140.1,19.9,69.954,65.05,0.85,2553.985,125.7
03/19/20,200319_TRI_B_1,,364.6,20.7,86.396,65.45,0.51,2642.792,122.6
03/19/20,200319_TRI_B_1,,364.6,20.7,86.396,65.45,0.51,2553.819,122.8
03/19/20,200319_TRI_B_1,,364.6,20.7,86.396,65.45,0.51,2553.985,125.7
03/19/20,200319_TRI_B_1,,364.6,20.7,58.038,60.09,0.81,2642.792,122.6
03/19/20,200319_TRI_B_1,,364.6,20.7,58.038,60.09,0.81,2553.819,122.8
03/19/20,200319_TRI_B_1,,364.6,20.7,58.038,60.09,0.81,2553.985,125.7
03/19/20,200319_TRI_B_1,,364.6,20.7,69.954,65.05,0.85,2642.792,122.6
03/19/20,200319_TRI_B_1,,364.6,20.7,69.954,65.05,0.85,2553.819,122.8
03/19/20,200319_TRI_B_1,,364.6,20.7,69.954,65.05,0.85,2553.985,125.7
03/19/20,200319_TRI_B_2,,322,21.1,70.105,69.99,0.43,2228.25,133.3
03/19/20,200319_TRI_B_2,,322,21.1,70.105,69.99,0.43,2622.108,136.1
03/19/20,200319_TRI_B_2,,322,21.1,70.105,69.99,0.43,2223.374,95.7
03/19/20,200319_TRI_B_2,,322,21.1,44.544,72.48,0.54,2228.25,133.3
03/19/20,200319_TRI_B_2,,322,21.1,44.544,72.48,0.54,2622.108,136.1
03/19/20,200319_TRI_B_2,,322,21.1,44.544,72.48,0.54,2223.374,95.7
03/19/20,200319_TRI_B_2,,322,21.1,60.426,67.18,0.52,2228.25,133.3
03/19/20,200319_TRI_B_2,,322,21.1,60.426,67.18,0.52,2622.108,136.1
03/19/20,200319_TRI_B_2,,322,21.1,60.426,67.18,0.52,2223.374,95.7
03/19/20,200319_TRI_B_2,,305.2,21,70.105,69.99,0.43,2228.25,133.3
03/19/20,200319_TRI_B_2,,305.2,21,70.105,69.99,0.43,2622.108,136.1
03/19/20,200319_TRI_B_2,,305.2,21,70.105,69.99,0.43,2223.374,95.7
03/19/20,200319_TRI_B_2,,305.2,21,44.544,72.48,0.54,2228.25,133.3
03/19/20,200319_TRI_B_2,,305.2,21,44.544,72.48,0.54,2622.108,136.1
03/19/20,200319_TRI_B_2,,305.2,21,44.544,72.48,0.54,2223.374,95.7
03/19/20,200319_TRI_B_2,,305.2,21,60.426,67.18,0.52,2228.25,133.3
03/19/20,200319_TRI_B_2,,305.2,21,60.426,67.18,0.52,2622.108,136.1
03/19/20,200319_TRI_B_2,,305.2,21,60.426,67.18,0.52,2223.374,95.7
03/19/20,200319_TRI_B_2,,230.2,21,70.105,69.99,0.43,2228.25,133.3
03/19/20,200319_TRI_B_2,,230.2,21,70.105,69.99,0.43,2622.108,136.1
03/19/20,200319_TRI_B_2,,230.2,21,70.105,69.99,0.43,2223.374,95.7
03/19/20,200319_TRI_B_2,,230.2,21,44.544,72.48,0.54,2228.25,133.3
03/19/20,200319_TRI_B_2,,230.2,21,44.544,72.48,0.54,2622.108,136.1
03/19/20,200319_TRI_B_2,,230.2,21,44.544,72.48,0.54,2223.374,95.7
03/19/20,200319_TRI_B_2,,230.2,21,60.426,67.18,0.52,2228.25,133.3
03/19/20,200319_TRI_B_2,,230.2,21,60.426,67.18,0.52,2622.108,136.1
03/19/20,200319_TRI_B_2,,230.2,21,60.426,67.18,0.52,2223.374,95.7
03/19/20,200319_RYE_B_1,,244.6,19.6,10.442,45.05,0.53,1495.851,57.4
03/19/20,200319_RYE_B_1,,244.6,19.6,10.442,45.05,0.53,1936.529,91.9
03/19/20,200319_RYE_B_1,,244.6,19.6,10.442,45.05,0.53,1881.839,74
03/19/20,200319_RYE_B_1,,244.6,19.6,15.54,64.54,0.61,1495.851,57.4
03/19/20,200319_RYE_B_1,,244.6,19.6,15.54,64.54,0.61,1936.529,91.9
03/19/20,200319_RYE_B_1,,244.6,19.6,15.54,64.54,0.61,1881.839,74
03/19/20,200319_RYE_B_1,,244.6,19.6,35.302,50.18,0.51,1495.851,57.4
03/19/20,200319_RYE_B_1,,244.6,19.6,35.302,50.18,0.51,1936.529,91.9
03/19/20,200319_RYE_B_1,,244.6,19.6,35.302,50.18,0.51,1881.839,74
03/19/20,200319_RYE_B_1,,400.5,19.6,10.442,45.05,0.53,1495.851,57.4
03/19/20,200319_RYE_B_1,,400.5,19.6,10.442,45.05,0.53,1936.529,91.9
03/19/20,200319_RYE_B_1,,400.5,19.6,10.442,45.05,0.53,1881.839,74
03/19/20,200319_RYE_B_1,,400.5,19.6,15.54,64.54,0.61,1495.851,57.4
03/19/20,200319_RYE_B_1,,400.5,19.6,15.54,64.54,0.61,1936.529,91.9
03/19/20,200319_RYE_B_1,,400.5,19.6,15.54,64.54,0.61,1881.839,74
03/19/20,200319_RYE_B_1,,400.5,19.6,35.302,50.18,0.51,1495.851,57.4
03/19/20,200319_RYE_B_1,,400.5,19.6,35.302,50.18,0.51,1936.529,91.9
03/19/20,200319_RYE_B_1,,400.5,19.6,35.302,50.18,0.51,1881.839,74
03/19/20,200319_RYE_B_1,,271.7,19.6,10.442,45.05,0.53,1495.851,57.4
03/19/20,200319_RYE_B_1,,271.7,19.6,10.442,45.05,0.53,1936.529,91.9
03/19/20,200319_RYE_B_1,,271.7,19.6,10.442,45.05,0.53,1881.839,74
03/19/20,200319_RYE_B_1,,271.7,19.6,15.54,64.54,0.61,1495.851,57.4
03/19/20,200319_RYE_B_1,,271.7,19.6,15.54,64.54,0.61,1936.529,91.9
03/19/20,200319_RYE_B_1,,271.7,19.6,15.54,64.54,0.61,1881.839,74
03/19/20,200319_RYE_B_1,,271.7,19.6,35.302,50.18,0.51,1495.851,57.4
03/19/20,200319_RYE_B_1,,271.7,19.6,35.302,50.18,0.51,1936.529,91.9
03/19/20,200319_RYE_B_1,,271.7,19.6,35.302,50.18,0.51,1881.839,74
03/19/20,200319_RYE_B_2,,325.8,19.7,92.426,46.81,0.42,2479.499,78.4
03/19/20,200319_RYE_B_2,,325.8,19.7,92.426,46.81,0.42,2869.406,82.3
03/19/20,200319_RYE_B_2,,325.8,19.7,92.426,46.81,0.42,2540.263,90.5
03/19/20,200319_RYE_B_2,,325.8,19.7,13.537,47.81,0.52,2479.499,78.4
03/19/20,200319_RYE_B_2,,325.8,19.7,13.537,47.81,0.52,2869.406,82.3
03/19/20,200319_RYE_B_2,,325.8,19.7,13.537,47.81,0.52,2540.263,90.5
03/19/20,200319_RYE_B_2,,325.8,19.7,53.663,54.06,0.44,2479.499,78.4
03/19/20,200319_RYE_B_2,,325.8,19.7,53.663,54.06,0.44,2869.406,82.3
03/19/20,200319_RYE_B_2,,325.8,19.7,53.663,54.06,0.44,2540.263,90.5
03/19/20,200319_RYE_B_2,,243.7,19.9,92.426,46.81,0.42,2479.499,78.4
03/19/20,200319_RYE_B_2,,243.7,19.9,92.426,46.81,0.42,2869.406,82.3
03/19/20,200319_RYE_B_2,,243.7,19.9,92.426,46.81,0.42,2540.263,90.5
03/19/20,200319_RYE_B_2,,243.7,19.9,13.537,47.81,0.52,2479.499,78.4
03/19/20,200319_RYE_B_2,,243.7,19.9,13.537,47.81,0.52,2869.406,82.3
03/19/20,200319_RYE_B_2,,243.7,19.9,13.537,47.81,0.52,2540.263,90.5
03/19/20,200319_RYE_B_2,,243.7,19.9,53.663,54.06,0.44,2479.499,78.4
03/19/20,200319_RYE_B_2,,243.7,19.9,53.663,54.06,0.44,2869.406,82.3
03/19/20,200319_RYE_B_2,,243.7,19.9,53.663,54.06,0.44,2540.263,90.5
03/19/20,200319_RYE_B_2,,302.2,19.7,92.426,46.81,0.42,2479.499,78.4
03/19/20,200319_RYE_B_2,,302.2,19.7,92.426,46.81,0.42,2869.406,82.3
03/19/20,200319_RYE_B_2,,302.2,19.7,92.426,46.81,0.42,2540.263,90.5
03/19/20,200319_RYE_B_2,,302.2,19.7,13.537,47.81,0.52,2479.499,78.4
03/19/20,200319_RYE_B_2,,302.2,19.7,13.537,47.81,0.52,2869.406,82.3
03/19/20,200319_RYE_B_2,,302.2,19.7,13.537,47.81,0.52,2540.263,90.5
03/19/20,200319_RYE_B_2,,302.2,19.7,53.663,54.06,0.44,2479.499,78.4
03/19/20,200319_RYE_B_2,,302.2,19.7,53.663,54.06,0.44,2869.406,82.3
03/19/20,200319_RYE_B_2,,302.2,19.7,53.663,54.06,0.44,2540.263,90.5
03/24/20,200324_TRI_A_2,,429.5,23.4,20.614,72.25,0.6,2826.074,143.1
03/24/20,200324_TRI_A_2,,429.5,23.4,20.614,72.25,0.6,3132.815,152
03/24/20,200324_TRI_A_2,,429.5,23.4,20.614,72.25,0.6,2443.06,110
03/24/20,200324_TRI_A_2,,429.5,23.4,65.564,68.6,1.08,2826.074,143.1
03/24/20,200324_TRI_A_2,,429.5,23.4,65.564,68.6,1.08,3132.815,152
03/24/20,200324_TRI_A_2,,429.5,23.4,65.564,68.6,1.08,2443.06,110
03/24/20,200324_TRI_A_2,,429.5,23.4,52.265,69.26,0.45,2826.074,143.1
03/24/20,200324_TRI_A_2,,429.5,23.4,52.265,69.26,0.45,3132.815,152
03/24/20,200324_TRI_A_2,,429.5,23.4,52.265,69.26,0.45,2443.06,110
03/24/20,200324_TRI_A_2,,509.5,24.3,20.614,72.25,0.6,2826.074,143.1
03/24/20,200324_TRI_A_2,,509.5,24.3,20.614,72.25,0.6,3132.815,152
03/24/20,200324_TRI_A_2,,509.5,24.3,20.614,72.25,0.6,2443.06,110
03/24/20,200324_TRI_A_2,,509.5,24.3,65.564,68.6,1.08,2826.074,143.1
03/24/20,200324_TRI_A_2,,509.5,24.3,65.564,68.6,1.08,3132.815,152
03/24/20,200324_TRI_A_2,,509.5,24.3,65.564,68.6,1.08,2443.06,110
03/24/20,200324_TRI_A_2,,509.5,24.3,52.265,69.26,0.45,2826.074,143.1
03/24/20,200324_TRI_A_2,,509.5,24.3,52.265,69.26,0.45,3132.815,152
03/24/20,200324_TRI_A_2,,509.5,24.3,52.265,69.26,0.45,2443.06,110
03/24/20,200324_TRI_A_2,,198.4,25.5,20.614,72.25,0.6,2826.074,143.1
03/24/20,200324_TRI_A_2,,198.4,25.5,20.614,72.25,0.6,3132.815,152
03/24/20,200324_TRI_A_2,,198.4,25.5,20.614,72.25,0.6,2443.06,110
03/24/20,200324_TRI_A_2,,198.4,25.5,65.564,68.6,1.08,2826.074,143.1
03/24/20,200324_TRI_A_2,,198.4,25.5,65.564,68.6,1.08,3132.815,152
03/24/20,200324_TRI_A_2,,198.4,25.5,65.564,68.6,1.08,2443.06,110
03/24/20,200324_TRI_A_2,,198.4,25.5,52.265,69.26,0.45,2826.074,143.1
03/24/20,200324_TRI_A_2,,198.4,25.5,52.265,69.26,0.45,3132.815,152
03/24/20,200324_TRI_A_2,,198.4,25.5,52.265,69.26,0.45,2443.06,110
03/24/20,200324_TRI_A_3,,403.8,26,80.285,70.47,0.4,2949.851,157
03/24/20,200324_TRI_A_3,,403.8,26,80.285,70.47,0.4,2931.147,150
03/24/20,200324_TRI_A_3,,403.8,26,80.285,70.47,0.4,2849.352,141.1
03/24/20,200324_TRI_A_3,,403.8,26,62.295,64.23,0.8,2949.851,157
03/24/20,200324_TRI_A_3,,403.8,26,62.295,64.23,0.8,2931.147,150
03/24/20,200324_TRI_A_3,,403.8,26,62.295,64.23,0.8,2849.352,141.1
03/24/20,200324_TRI_A_3,,403.8,26,78.395,58.1,1.17,2949.851,157
03/24/20,200324_TRI_A_3,,403.8,26,78.395,58.1,1.17,2931.147,150
03/24/20,200324_TRI_A_3,,403.8,26,78.395,58.1,1.17,2849.352,141.1
03/24/20,200324_TRI_A_3,,278,27.5,80.285,70.47,0.4,2949.851,157
03/24/20,200324_TRI_A_3,,278,27.5,80.285,70.47,0.4,2931.147,150
03/24/20,200324_TRI_A_3,,278,27.5,80.285,70.47,0.4,2849.352,141.1
03/24/20,200324_TRI_A_3,,278,27.5,62.295,64.23,0.8,2949.851,157
03/24/20,200324_TRI_A_3,,278,27.5,62.295,64.23,0.8,2931.147,150
03/24/20,200324_TRI_A_3,,278,27.5,62.295,64.23,0.8,2849.352,141.1
03/24/20,200324_TRI_A_3,,278,27.5,78.395,58.1,1.17,2949.851,157
03/24/20,200324_TRI_A_3,,278,27.5,78.395,58.1,1.17,2931.147,150
03/24/20,200324_TRI_A_3,,278,27.5,78.395,58.1,1.17,2849.352,141.1
03/24/20,200324_TRI_A_3,,468.7,28.9,80.285,70.47,0.4,2949.851,157
03/24/20,200324_TRI_A_3,,468.7,28.9,80.285,70.47,0.4,2931.147,150
03/24/20,200324_TRI_A_3,,468.7,28.9,80.285,70.47,0.4,2849.352,141.1
03/24/20,200324_TRI_A_3,,468.7,28.9,62.295,64.23,0.8,2949.851,157
03/24/20,200324_TRI_A_3,,468.7,28.9,62.295,64.23,0.8,2931.147,150
03/24/20,200324_TRI_A_3,,468.7,28.9,62.295,64.23,0.8,2849.352,141.1
03/24/20,200324_TRI_A_3,,468.7,28.9,78.395,58.1,1.17,2949.851,157
03/24/20,200324_TRI_A_3,,468.7,28.9,78.395,58.1,1.17,2931.147,150
03/24/20,200324_TRI_A_3,,468.7,28.9,78.395,58.1,1.17,2849.352,141.1
03/24/20,200324_TRI_B_3,,380.9,29.1,55.701,60.81,0.66,3780.427,175.3
03/24/20,200324_TRI_B_3,,380.9,29.1,55.701,60.81,0.66,3515.599,178.3
03/24/20,200324_TRI_B_3,,380.9,29.1,55.701,60.81,0.66,2804.059,148.3
03/24/20,200324_TRI_B_3,,380.9,29.1,55.813,69.75,0.76,3780.427,175.3
03/24/20,200324_TRI_B_3,,380.9,29.1,55.813,69.75,0.76,3515.599,178.3
03/24/20,200324_TRI_B_3,,380.9,29.1,55.813,69.75,0.76,2804.059,148.3
03/24/20,200324_TRI_B_3,,380.9,29.1,47.664,70.23,0.76,3780.427,175.3
03/24/20,200324_TRI_B_3,,380.9,29.1,47.664,70.23,0.76,3515.599,178.3
03/24/20,200324_TRI_B_3,,380.9,29.1,47.664,70.23,0.76,2804.059,148.3
03/24/20,200324_TRI_B_3,,452.3,29.1,55.701,60.81,0.66,3780.427,175.3
03/24/20,200324_TRI_B_3,,452.3,29.1,55.701,60.81,0.66,3515.599,178.3
03/24/20,200324_TRI_B_3,,452.3,29.1,55.701,60.81,0.66,2804.059,148.3
03/24/20,200324_TRI_B_3,,452.3,29.1,55.813,69.75,0.76,3780.427,175.3
03/24/20,200324_TRI_B_3,,452.3,29.1,55.813,69.75,0.76,3515.599,178.3
03/24/20,200324_TRI_B_3,,452.3,29.1,55.813,69.75,0.76,2804.059,148.3
03/24/20,200324_TRI_B_3,,452.3,29.1,47.664,70.23,0.76,3780.427,175.3
03/24/20,200324_TRI_B_3,,452.3,29.1,47.664,70.23,0.76,3515.599,178.3
03/24/20,200324_TRI_B_3,,452.3,29.1,47.664,70.23,0.76,2804.059,148.3
03/24/20,200324_TRI_B_3,,479.9,29.1,55.701,60.81,0.66,3780.427,175.3
03/24/20,200324_TRI_B_3,,479.9,29.1,55.701,60.81,0.66,3515.599,178.3
03/24/20,200324_TRI_B_3,,479.9,29.1,55.701,60.81,0.66,2804.059,148.3
03/24/20,200324_TRI_B_3,,479.9,29.1,55.813,69.75,0.76,3780.427,175.3
03/24/20,200324_TRI_B_3,,479.9,29.1,55.813,69.75,0.76,3515.599,178.3
03/24/20,200324_TRI_B_3,,479.9,29.1,55.813,69.75,0.76,2804.059,148.3
03/24/20,200324_TRI_B_3,,479.9,29.1,47.664,70.23,0.76,3780.427,175.3
03/24/20,200324_TRI_B_3,,479.9,29.1,47.664,70.23,0.76,3515.599,178.3
03/24/20,200324_TRI_B_3,,479.9,29.1,47.664,70.23,0.76,2804.059,148.3
03/24/20,200324_TRI_B_4,,195.4,29.4,39.544,69.82,0.71,3195.809,157.6
03/24/20,200324_TRI_B_4,,195.4,29.4,39.544,69.82,0.71,3591.019,168.2
03/24/20,200324_TRI_B_4,,195.4,29.4,39.544,69.82,0.71,3605.705,166.6
03/24/20,200324_TRI_B_4,,195.4,29.4,29.924,57.48,0.85,3195.809,157.6
03/24/20,200324_TRI_B_4,,195.4,29.4,29.924,57.48,0.85,3591.019,168.2
03/24/20,200324_TRI_B_4,,195.4,29.4,29.924,57.48,0.85,3605.705,166.6
03/24/20,200324_TRI_B_4,,195.4,29.4,29.548,49.82,0.54,3195.809,157.6
03/24/20,200324_TRI_B_4,,195.4,29.4,29.548,49.82,0.54,3591.019,168.2
03/24/20,200324_TRI_B_4,,195.4,29.4,29.548,49.82,0.54,3605.705,166.6
03/24/20,200324_TRI_B_4,,297.3,28.9,39.544,69.82,0.71,3195.809,157.6
03/24/20,200324_TRI_B_4,,297.3,28.9,39.544,69.82,0.71,3591.019,168.2
03/24/20,200324_TRI_B_4,,297.3,28.9,39.544,69.82,0.71,3605.705,166.6
03/24/20,200324_TRI_B_4,,297.3,28.9,29.924,57.48,0.85,3195.809,157.6
03/24/20,200324_TRI_B_4,,297.3,28.9,29.924,57.48,0.85,3591.019,168.2
03/24/20,200324_TRI_B_4,,297.3,28.9,29.924,57.48,0.85,3605.705,166.6
03/24/20,200324_TRI_B_4,,297.3,28.9,29.548,49.82,0.54,3195.809,157.6
03/24/20,200324_TRI_B_4,,297.3,28.9,29.548,49.82,0.54,3591.019,168.2
03/24/20,200324_TRI_B_4,,297.3,28.9,29.548,49.82,0.54,3605.705,166.6
03/24/20,200324_TRI_B_4,,388.5,29.5,39.544,69.82,0.71,3195.809,157.6
03/24/20,200324_TRI_B_4,,388.5,29.5,39.544,69.82,0.71,3591.019,168.2
03/24/20,200324_TRI_B_4,,388.5,29.5,39.544,69.82,0.71,3605.705,166.6
03/24/20,200324_TRI_B_4,,388.5,29.5,29.924,57.48,0.85,3195.809,157.6
03/24/20,200324_TRI_B_4,,388.5,29.5,29.924,57.48,0.85,3591.019,168.2
03/24/20,200324_TRI_B_4,,388.5,29.5,29.924,57.48,0.85,3605.705,166.6
03/24/20,200324_TRI_B_4,,388.5,29.5,29.548,49.82,0.54,3195.809,157.6
03/24/20,200324_TRI_B_4,,388.5,29.5,29.548,49.82,0.54,3591.019,168.2
03/24/20,200324_TRI_B_4,,388.5,29.5,29.548,49.82,0.54,3605.705,166.6
